/*
 Navicat MySQL Data Transfer

 Source Server         : conn
 Source Server Type    : MySQL
 Source Server Version : 50720
 Source Host           : localhost:3306
 Source Schema         : vote3

 Target Server Type    : MySQL
 Target Server Version : 50720
 File Encoding         : 65001

 Date: 25/09/2018 06:03:28
*/

SET NAMES utf8mb4;
SET FOREIGN_KEY_CHECKS = 0;

-- ----------------------------
-- Table structure for auth_group
-- ----------------------------
DROP TABLE IF EXISTS `auth_group`;
CREATE TABLE `auth_group` (
  `id` int(11) NOT NULL AUTO_INCREMENT,
  `name` varchar(80) COLLATE utf8_unicode_ci NOT NULL,
  PRIMARY KEY (`id`),
  UNIQUE KEY `name` (`name`)
) ENGINE=InnoDB DEFAULT CHARSET=utf8 COLLATE=utf8_unicode_ci;

-- ----------------------------
-- Table structure for auth_group_permissions
-- ----------------------------
DROP TABLE IF EXISTS `auth_group_permissions`;
CREATE TABLE `auth_group_permissions` (
  `id` int(11) NOT NULL AUTO_INCREMENT,
  `group_id` int(11) NOT NULL,
  `permission_id` int(11) NOT NULL,
  PRIMARY KEY (`id`),
  UNIQUE KEY `auth_group_permissions_group_id_permission_id_0cd325b0_uniq` (`group_id`,`permission_id`),
  KEY `auth_group_permissio_permission_id_84c5c92e_fk_auth_perm` (`permission_id`),
  CONSTRAINT `auth_group_permissio_permission_id_84c5c92e_fk_auth_perm` FOREIGN KEY (`permission_id`) REFERENCES `auth_permission` (`id`),
  CONSTRAINT `auth_group_permissions_group_id_b120cbf9_fk_auth_group_id` FOREIGN KEY (`group_id`) REFERENCES `auth_group` (`id`)
) ENGINE=InnoDB DEFAULT CHARSET=utf8 COLLATE=utf8_unicode_ci;

-- ----------------------------
-- Table structure for auth_permission
-- ----------------------------
DROP TABLE IF EXISTS `auth_permission`;
CREATE TABLE `auth_permission` (
  `id` int(11) NOT NULL AUTO_INCREMENT,
  `name` varchar(255) COLLATE utf8_unicode_ci NOT NULL,
  `content_type_id` int(11) NOT NULL,
  `codename` varchar(100) COLLATE utf8_unicode_ci NOT NULL,
  PRIMARY KEY (`id`),
  UNIQUE KEY `auth_permission_content_type_id_codename_01ab375a_uniq` (`content_type_id`,`codename`),
  CONSTRAINT `auth_permission_content_type_id_2f476e4b_fk_django_co` FOREIGN KEY (`content_type_id`) REFERENCES `django_content_type` (`id`)
) ENGINE=InnoDB AUTO_INCREMENT=25 DEFAULT CHARSET=utf8 COLLATE=utf8_unicode_ci;

-- ----------------------------
-- Records of auth_permission
-- ----------------------------
BEGIN;
INSERT INTO `auth_permission` VALUES (1, 'Can add log entry', 1, 'add_logentry');
INSERT INTO `auth_permission` VALUES (2, 'Can change log entry', 1, 'change_logentry');
INSERT INTO `auth_permission` VALUES (3, 'Can delete log entry', 1, 'delete_logentry');
INSERT INTO `auth_permission` VALUES (4, 'Can add permission', 2, 'add_permission');
INSERT INTO `auth_permission` VALUES (5, 'Can change permission', 2, 'change_permission');
INSERT INTO `auth_permission` VALUES (6, 'Can delete permission', 2, 'delete_permission');
INSERT INTO `auth_permission` VALUES (7, 'Can add group', 3, 'add_group');
INSERT INTO `auth_permission` VALUES (8, 'Can change group', 3, 'change_group');
INSERT INTO `auth_permission` VALUES (9, 'Can delete group', 3, 'delete_group');
INSERT INTO `auth_permission` VALUES (10, 'Can add user', 4, 'add_user');
INSERT INTO `auth_permission` VALUES (11, 'Can change user', 4, 'change_user');
INSERT INTO `auth_permission` VALUES (12, 'Can delete user', 4, 'delete_user');
INSERT INTO `auth_permission` VALUES (13, 'Can add content type', 5, 'add_contenttype');
INSERT INTO `auth_permission` VALUES (14, 'Can change content type', 5, 'change_contenttype');
INSERT INTO `auth_permission` VALUES (15, 'Can delete content type', 5, 'delete_contenttype');
INSERT INTO `auth_permission` VALUES (16, 'Can add session', 6, 'add_session');
INSERT INTO `auth_permission` VALUES (17, 'Can change session', 6, 'change_session');
INSERT INTO `auth_permission` VALUES (18, 'Can delete session', 6, 'delete_session');
INSERT INTO `auth_permission` VALUES (19, 'Can add user info', 7, 'add_userinfo');
INSERT INTO `auth_permission` VALUES (20, 'Can change user info', 7, 'change_userinfo');
INSERT INTO `auth_permission` VALUES (21, 'Can delete user info', 7, 'delete_userinfo');
INSERT INTO `auth_permission` VALUES (22, 'Can add pics info', 8, 'add_picsinfo');
INSERT INTO `auth_permission` VALUES (23, 'Can change pics info', 8, 'change_picsinfo');
INSERT INTO `auth_permission` VALUES (24, 'Can delete pics info', 8, 'delete_picsinfo');
COMMIT;

-- ----------------------------
-- Table structure for auth_user
-- ----------------------------
DROP TABLE IF EXISTS `auth_user`;
CREATE TABLE `auth_user` (
  `id` int(11) NOT NULL AUTO_INCREMENT,
  `password` varchar(128) COLLATE utf8_unicode_ci NOT NULL,
  `last_login` datetime(6) DEFAULT NULL,
  `is_superuser` tinyint(1) NOT NULL,
  `username` varchar(150) COLLATE utf8_unicode_ci NOT NULL,
  `first_name` varchar(30) COLLATE utf8_unicode_ci NOT NULL,
  `last_name` varchar(150) COLLATE utf8_unicode_ci NOT NULL,
  `email` varchar(254) COLLATE utf8_unicode_ci NOT NULL,
  `is_staff` tinyint(1) NOT NULL,
  `is_active` tinyint(1) NOT NULL,
  `date_joined` datetime(6) NOT NULL,
  PRIMARY KEY (`id`),
  UNIQUE KEY `username` (`username`)
) ENGINE=InnoDB DEFAULT CHARSET=utf8 COLLATE=utf8_unicode_ci;

-- ----------------------------
-- Table structure for auth_user_groups
-- ----------------------------
DROP TABLE IF EXISTS `auth_user_groups`;
CREATE TABLE `auth_user_groups` (
  `id` int(11) NOT NULL AUTO_INCREMENT,
  `user_id` int(11) NOT NULL,
  `group_id` int(11) NOT NULL,
  PRIMARY KEY (`id`),
  UNIQUE KEY `auth_user_groups_user_id_group_id_94350c0c_uniq` (`user_id`,`group_id`),
  KEY `auth_user_groups_group_id_97559544_fk_auth_group_id` (`group_id`),
  CONSTRAINT `auth_user_groups_group_id_97559544_fk_auth_group_id` FOREIGN KEY (`group_id`) REFERENCES `auth_group` (`id`),
  CONSTRAINT `auth_user_groups_user_id_6a12ed8b_fk_auth_user_id` FOREIGN KEY (`user_id`) REFERENCES `auth_user` (`id`)
) ENGINE=InnoDB DEFAULT CHARSET=utf8 COLLATE=utf8_unicode_ci;

-- ----------------------------
-- Table structure for auth_user_user_permissions
-- ----------------------------
DROP TABLE IF EXISTS `auth_user_user_permissions`;
CREATE TABLE `auth_user_user_permissions` (
  `id` int(11) NOT NULL AUTO_INCREMENT,
  `user_id` int(11) NOT NULL,
  `permission_id` int(11) NOT NULL,
  PRIMARY KEY (`id`),
  UNIQUE KEY `auth_user_user_permissions_user_id_permission_id_14a6b632_uniq` (`user_id`,`permission_id`),
  KEY `auth_user_user_permi_permission_id_1fbb5f2c_fk_auth_perm` (`permission_id`),
  CONSTRAINT `auth_user_user_permi_permission_id_1fbb5f2c_fk_auth_perm` FOREIGN KEY (`permission_id`) REFERENCES `auth_permission` (`id`),
  CONSTRAINT `auth_user_user_permissions_user_id_a95ead1b_fk_auth_user_id` FOREIGN KEY (`user_id`) REFERENCES `auth_user` (`id`)
) ENGINE=InnoDB DEFAULT CHARSET=utf8 COLLATE=utf8_unicode_ci;

-- ----------------------------
-- Table structure for checkin_picsinfo
-- ----------------------------
DROP TABLE IF EXISTS `checkin_picsinfo`;
CREATE TABLE `checkin_picsinfo` (
  `pid` bigint(20) NOT NULL AUTO_INCREMENT,
  `path` varchar(256) COLLATE utf8_unicode_ci NOT NULL,
  `date` int(11) NOT NULL,
  `no` varchar(32) COLLATE utf8_unicode_ci NOT NULL,
  `bref` varchar(2048) COLLATE utf8_unicode_ci NOT NULL,
  PRIMARY KEY (`pid`)
) ENGINE=InnoDB AUTO_INCREMENT=50 DEFAULT CHARSET=utf8 COLLATE=utf8_unicode_ci;

-- ----------------------------
-- Records of checkin_picsinfo
-- ----------------------------
BEGIN;
INSERT INTO `checkin_picsinfo` VALUES (32, 'static/upload/600050/1537646179448.jpg', 1537646189, '600050', '了来了来了');
INSERT INTO `checkin_picsinfo` VALUES (33, 'static/upload/600050/1537646344755.jpg', 1537646353, '600050', '吃醋唱歌');
INSERT INTO `checkin_picsinfo` VALUES (34, 'static/upload/600050/1537646384437.jpg', 1537646391, '600050', '你们慢慢');
INSERT INTO `checkin_picsinfo` VALUES (35, 'static/upload/600050/1537646430313.jpg', 1537646437, '600050', '泪流满面');
INSERT INTO `checkin_picsinfo` VALUES (36, 'static/upload/010155/1537646499662.png', 1537646510, '010155', '55455');
INSERT INTO `checkin_picsinfo` VALUES (37, 'static/upload/010155/1537646540801.png', 1537646549, '010155', '45454');
INSERT INTO `checkin_picsinfo` VALUES (38, 'static/upload/010155/1537646677516.jpg', 1537646684, '010155', '121');
INSERT INTO `checkin_picsinfo` VALUES (39, 'static/upload/010155/1537646861216.jpg', 1537646867, '010155', '，，，');
INSERT INTO `checkin_picsinfo` VALUES (40, 'static/upload/010155/1537647038809.jpg', 1537647044, '010155', '，，，');
INSERT INTO `checkin_picsinfo` VALUES (41, 'static/upload/600050/1537647078116.jpg', 1537647086, '600050', '就快来了');
INSERT INTO `checkin_picsinfo` VALUES (42, 'static/upload/600050/1537647113883.jpg', 1537647120, '600050', '卖卖萌');
INSERT INTO `checkin_picsinfo` VALUES (43, 'static/upload/600050/1537647147191.jpg', 1537647156, '600050', '密码买买买');
INSERT INTO `checkin_picsinfo` VALUES (44, 'static/upload/600050/1537647202087.jpg', 1537647208, '600050', '想想辙');
INSERT INTO `checkin_picsinfo` VALUES (45, 'static/upload/600050/1537647292880.jpg', 1537647314, '600050', '我问问');
INSERT INTO `checkin_picsinfo` VALUES (46, 'static/upload/600050/1537647359676.png', 1537647368, '600050', '刘惜君');
INSERT INTO `checkin_picsinfo` VALUES (47, 'static/upload/010062/1537699039317.jpeg', 1537699048, '010062', '顺顺利利');
INSERT INTO `checkin_picsinfo` VALUES (48, 'static/upload/010074/1537699437351.jpeg', 1537699446, '010074', '看看看看看');
INSERT INTO `checkin_picsinfo` VALUES (49, 'static/upload/010185/1537699554662.jpg', 1537699562, '010185', '就是计算机');
COMMIT;

-- ----------------------------
-- Table structure for django_admin_log
-- ----------------------------
DROP TABLE IF EXISTS `django_admin_log`;
CREATE TABLE `django_admin_log` (
  `id` int(11) NOT NULL AUTO_INCREMENT,
  `action_time` datetime(6) NOT NULL,
  `object_id` longtext COLLATE utf8_unicode_ci,
  `object_repr` varchar(200) COLLATE utf8_unicode_ci NOT NULL,
  `action_flag` smallint(5) unsigned NOT NULL,
  `change_message` longtext COLLATE utf8_unicode_ci NOT NULL,
  `content_type_id` int(11) DEFAULT NULL,
  `user_id` int(11) NOT NULL,
  PRIMARY KEY (`id`),
  KEY `django_admin_log_content_type_id_c4bce8eb_fk_django_co` (`content_type_id`),
  KEY `django_admin_log_user_id_c564eba6_fk` (`user_id`),
  CONSTRAINT `django_admin_log_content_type_id_c4bce8eb_fk_django_co` FOREIGN KEY (`content_type_id`) REFERENCES `django_content_type` (`id`),
  CONSTRAINT `django_admin_log_user_id_c564eba6_fk` FOREIGN KEY (`user_id`) REFERENCES `auth_user` (`id`)
) ENGINE=InnoDB DEFAULT CHARSET=utf8 COLLATE=utf8_unicode_ci;

-- ----------------------------
-- Table structure for django_content_type
-- ----------------------------
DROP TABLE IF EXISTS `django_content_type`;
CREATE TABLE `django_content_type` (
  `id` int(11) NOT NULL AUTO_INCREMENT,
  `app_label` varchar(100) COLLATE utf8_unicode_ci NOT NULL,
  `model` varchar(100) COLLATE utf8_unicode_ci NOT NULL,
  PRIMARY KEY (`id`),
  UNIQUE KEY `django_content_type_app_label_model_76bd3d3b_uniq` (`app_label`,`model`)
) ENGINE=InnoDB AUTO_INCREMENT=9 DEFAULT CHARSET=utf8 COLLATE=utf8_unicode_ci;

-- ----------------------------
-- Records of django_content_type
-- ----------------------------
BEGIN;
INSERT INTO `django_content_type` VALUES (1, 'admin', 'logentry');
INSERT INTO `django_content_type` VALUES (3, 'auth', 'group');
INSERT INTO `django_content_type` VALUES (2, 'auth', 'permission');
INSERT INTO `django_content_type` VALUES (4, 'auth', 'user');
INSERT INTO `django_content_type` VALUES (8, 'checkin', 'picsinfo');
INSERT INTO `django_content_type` VALUES (5, 'contenttypes', 'contenttype');
INSERT INTO `django_content_type` VALUES (7, 'login', 'userinfo');
INSERT INTO `django_content_type` VALUES (6, 'sessions', 'session');
COMMIT;

-- ----------------------------
-- Table structure for django_migrations
-- ----------------------------
DROP TABLE IF EXISTS `django_migrations`;
CREATE TABLE `django_migrations` (
  `id` int(11) NOT NULL AUTO_INCREMENT,
  `app` varchar(255) COLLATE utf8_unicode_ci NOT NULL,
  `name` varchar(255) COLLATE utf8_unicode_ci NOT NULL,
  `applied` datetime(6) NOT NULL,
  PRIMARY KEY (`id`)
) ENGINE=InnoDB AUTO_INCREMENT=26 DEFAULT CHARSET=utf8 COLLATE=utf8_unicode_ci;

-- ----------------------------
-- Records of django_migrations
-- ----------------------------
BEGIN;
INSERT INTO `django_migrations` VALUES (1, 'checkin', '0001_initial', '2018-09-20 11:50:10.395454');
INSERT INTO `django_migrations` VALUES (2, 'contenttypes', '0001_initial', '2018-09-20 13:22:40.150125');
INSERT INTO `django_migrations` VALUES (3, 'auth', '0001_initial', '2018-09-20 13:22:42.873920');
INSERT INTO `django_migrations` VALUES (4, 'admin', '0001_initial', '2018-09-20 13:22:43.440016');
INSERT INTO `django_migrations` VALUES (5, 'admin', '0002_logentry_remove_auto_add', '2018-09-20 13:22:43.451954');
INSERT INTO `django_migrations` VALUES (6, 'contenttypes', '0002_remove_content_type_name', '2018-09-20 13:22:43.739662');
INSERT INTO `django_migrations` VALUES (7, 'auth', '0002_alter_permission_name_max_length', '2018-09-20 13:22:43.909534');
INSERT INTO `django_migrations` VALUES (8, 'auth', '0003_alter_user_email_max_length', '2018-09-20 13:22:44.065357');
INSERT INTO `django_migrations` VALUES (9, 'auth', '0004_alter_user_username_opts', '2018-09-20 13:22:44.076822');
INSERT INTO `django_migrations` VALUES (10, 'auth', '0005_alter_user_last_login_null', '2018-09-20 13:22:44.198949');
INSERT INTO `django_migrations` VALUES (11, 'auth', '0006_require_contenttypes_0002', '2018-09-20 13:22:44.201990');
INSERT INTO `django_migrations` VALUES (12, 'auth', '0007_alter_validators_add_error_messages', '2018-09-20 13:22:44.213122');
INSERT INTO `django_migrations` VALUES (13, 'auth', '0008_alter_user_username_max_length', '2018-09-20 13:22:44.640856');
INSERT INTO `django_migrations` VALUES (14, 'auth', '0009_alter_user_last_name_max_length', '2018-09-20 13:22:44.773576');
INSERT INTO `django_migrations` VALUES (15, 'login', '0001_initial', '2018-09-20 13:22:44.926344');
INSERT INTO `django_migrations` VALUES (16, 'login', '0002_auto_20180918_1012', '2018-09-20 13:22:44.931139');
INSERT INTO `django_migrations` VALUES (17, 'login', '0003_auto_20180918_1344', '2018-09-20 13:22:45.107205');
INSERT INTO `django_migrations` VALUES (18, 'login', '0004_userinfo_no', '2018-09-20 13:22:45.405163');
INSERT INTO `django_migrations` VALUES (19, 'login', '0005_auto_20180918_1525', '2018-09-20 13:22:45.568011');
INSERT INTO `django_migrations` VALUES (20, 'sessions', '0001_initial', '2018-09-20 13:22:45.854857');
INSERT INTO `django_migrations` VALUES (21, 'checkin', '0002_picsinfo_bref', '2018-09-21 16:04:48.153715');
INSERT INTO `django_migrations` VALUES (22, 'login', '0006_auto_20180922_0544', '2018-09-22 05:44:51.625685');
INSERT INTO `django_migrations` VALUES (23, 'login', '0007_auto_20180922_0604', '2018-09-22 06:05:01.176573');
INSERT INTO `django_migrations` VALUES (24, 'login', '0008_auto_20180922_0609', '2018-09-22 06:09:24.669338');
INSERT INTO `django_migrations` VALUES (25, 'login', '0009_auto_20180922_0611', '2018-09-22 06:11:40.845406');
COMMIT;

-- ----------------------------
-- Table structure for django_session
-- ----------------------------
DROP TABLE IF EXISTS `django_session`;
CREATE TABLE `django_session` (
  `session_key` varchar(40) COLLATE utf8_unicode_ci NOT NULL,
  `session_data` longtext COLLATE utf8_unicode_ci NOT NULL,
  `expire_date` datetime(6) NOT NULL,
  PRIMARY KEY (`session_key`),
  KEY `django_session_expire_date_a5c62663` (`expire_date`)
) ENGINE=InnoDB DEFAULT CHARSET=utf8 COLLATE=utf8_unicode_ci;

-- ----------------------------
-- Records of django_session
-- ----------------------------
BEGIN;
INSERT INTO `django_session` VALUES ('0ylj9xnxky93bxb1u27b4d3nj99lkous', 'MDAxNzljYmNjMzg4MGFmZjRiZmMxODBmYmM3M2NjY2RlYzk4MDk0MTp7InVubyI6IjAxMDM2MSIsInVzZXIiOiJcdTUyMThcdTc4Y2EifQ==', '2018-10-07 10:18:43.153932');
INSERT INTO `django_session` VALUES ('2wdnfeukb01v8dccynrbb43r9s9akwqu', 'YjMwOTRiYjYzNmNhYjA2ZGQxNTI4YTg3ZDNlYTM2MjM2YzNlZTc4Mzp7InVubyI6IjAxMDAzOSIsInVzZXIiOiJcdTY3NGVcdTk2MzMifQ==', '2018-10-07 08:55:53.289283');
INSERT INTO `django_session` VALUES ('35ovqdxb07mcgtz1l6rb5fuvl42229pm', 'ZmUzY2U3MGZlMGQ5YjYyZDM0MjM4MzBjYmYxYjZiMzZmZjM0ODg5ZTp7InVubyI6IjAxMDE1NSIsInVzZXIiOiJcdTkwZDFcdTYzNzdcdTZjZjAiLCJwYXRoIjoiIn0=', '2018-10-06 19:14:46.922322');
INSERT INTO `django_session` VALUES ('3mmp7532ci4815oxodq1h9jz1vv9s90u', 'MDgyZDJhNThmY2Y3NWE1NDE1YmI3MmI4Zjg5OGJkYzlhMTEzYzA3Mjp7InBhdGgiOiIiLCJ1bm8iOiIwMTAwNjQiLCJ1c2VyIjoiXHU2Nzk3XHU5NjMzIn0=', '2018-10-06 17:21:55.391161');
INSERT INTO `django_session` VALUES ('67jkuzm5ouww0m32fze85yybjpuakucy', 'MTBmNjYyMWYyMGI2NDQxZjg5NzgwMzIxOTlmNDRlZTRlMTQ4MzRjZTp7InVubyI6IjEzNjIyMDAxOTkyIiwidXNlciI6Ilx1Njc0ZVx1NTA2NVx1OGM2YSJ9', '2018-10-06 14:14:31.988163');
INSERT INTO `django_session` VALUES ('a2k1e3p78pl0joquq1bcy6c8dzboi8bu', 'ZmU4NDRjZmY0NDRmMDIxN2E1YTNlZGM3MjZjNDZiOGU1NDcyYTViYTp7InVubyI6IjEzNjIyMDk5NjMwIiwidXNlciI6Ilx1Njc5N1x1OTYzMyJ9', '2018-10-06 14:17:55.954035');
INSERT INTO `django_session` VALUES ('as656bdud2rgl0t0x3kn23qxnrx0j0br', 'ZWFjYWViZGQ5YTMzYzk2Zjk3Y2JkY2E4YzZlMjU4NThjYzczMDEzNTp7InVubyI6IjAxMDA4NyIsInVzZXIiOiJcdTY3NjhcdTk3NTNcdTYwMjEiLCJwYXRoIjoic3RhdGljL3VwbG9hZC8wMTAwODcvMTUzNzc4NTEzOTcyMy5wbmcifQ==', '2018-10-08 10:32:19.723694');
INSERT INTO `django_session` VALUES ('dfdp4zlsidjvuo1dtj93g96cxfq96xot', 'ZmU4NDRjZmY0NDRmMDIxN2E1YTNlZGM3MjZjNDZiOGU1NDcyYTViYTp7InVubyI6IjEzNjIyMDk5NjMwIiwidXNlciI6Ilx1Njc5N1x1OTYzMyJ9', '2018-10-06 16:21:03.293926');
INSERT INTO `django_session` VALUES ('dgdtgv6goqlnhjsvnrevdec50lhfsecp', 'NWE0ZDVmY2E2ZDQzMWY4YjQxODBjMWU5Yzk0YTA3ODJjMmExYzE0NTp7InBhdGgiOiJzdGF0aWMvdXBsb2FkL3NsaWRlcjEucG5nIn0=', '2018-10-05 16:43:30.286301');
INSERT INTO `django_session` VALUES ('ew3t7pflv8ffl3np2mmg7r7mmze0shj3', 'MGVhY2E1OGRkODNmMzAzNTk1NTdjZjA0YWY5ODNkMTYyNWRkNzE0Mjp7InVubyI6IjYwMDA1MCIsInVzZXIiOiJcdTk3ZTlcdTRlOTFcdTllNGYiLCJwYXRoIjoiIn0=', '2018-10-06 20:18:30.057043');
INSERT INTO `django_session` VALUES ('ggk8omdd20oge78w96io2g0ubwun9ikw', 'YzljZWE3YzdkZTFjYWRmZmRlMjJhMDAyODQxY2Q2ZWIxNjhlMDk0Mzp7InVubyI6IjEzOTAyMDgwNjc2IiwidXNlciI6Ilx1Njc0ZVx1OTYzMyJ9', '2018-10-06 08:21:45.994511');
INSERT INTO `django_session` VALUES ('jvuu7onz7rycdmdqw752hplid5q994zo', 'MTBmNjYyMWYyMGI2NDQxZjg5NzgwMzIxOTlmNDRlZTRlMTQ4MzRjZTp7InVubyI6IjEzNjIyMDAxOTkyIiwidXNlciI6Ilx1Njc0ZVx1NTA2NVx1OGM2YSJ9', '2018-10-06 14:16:38.243267');
INSERT INTO `django_session` VALUES ('ldzc857t7n1hz2iy0gy3jiuz2s37x6wc', 'ZmU4NDRjZmY0NDRmMDIxN2E1YTNlZGM3MjZjNDZiOGU1NDcyYTViYTp7InVubyI6IjEzNjIyMDk5NjMwIiwidXNlciI6Ilx1Njc5N1x1OTYzMyJ9', '2018-10-06 16:18:49.455868');
INSERT INTO `django_session` VALUES ('mebt9zqbqqn1pv1deurd9imgsnxtdq7l', 'NzdhNDk5YmRlNjk4MTE0NzBhYzg1NWM3MDU3ODNjNDFjNTBjMDBmNDp7InVubyI6IjEzODIwMjA0MDA1IiwidXNlciI6Ilx1NTIxOFx1OGY2OVx1Nzc3ZiJ9', '2018-10-06 14:13:23.073285');
INSERT INTO `django_session` VALUES ('nh1sotcdbhm1wmwd8hwmh9xctrlunyr4', 'NjFkNDRjYTJiYTYzOThlYTE0MGVlNzBjMjUwZTE0NzJmZDQ0ZmY5ZTp7InVubyI6IjAxMDE4NSIsInVzZXIiOiJcdTU0NjhcdTdlZTdcdTdmZTAiLCJwYXRoIjoiIn0=', '2018-10-07 10:46:02.236819');
INSERT INTO `django_session` VALUES ('nsj2zcx6lfcxm96h5j0kk97hsco64vyz', 'YzcyMzNhYWFiMDlmOGE1Y2NhMmExZmZhYzAyNjJjMTRmM2UxYTcwYTp7InVubyI6IjE1MjAyMjkxMDkzIiwidXNlciI6Ilx1NzM4Ylx1NmQyYVx1NTAyOSJ9', '2018-10-06 13:00:15.268359');
INSERT INTO `django_session` VALUES ('o1d7f5jsxezv4h0gz6cpt6ybmkp3n68k', 'ZmU4NDRjZmY0NDRmMDIxN2E1YTNlZGM3MjZjNDZiOGU1NDcyYTViYTp7InVubyI6IjEzNjIyMDk5NjMwIiwidXNlciI6Ilx1Njc5N1x1OTYzMyJ9', '2018-10-06 16:29:13.793434');
INSERT INTO `django_session` VALUES ('oee53j8fs3pb0of287uj4do0bp7eh57a', 'MWNkMWFkMjI4MDA4NDU3ZWI3NDNmNTJlZDVkNjA0Y2M3MTRjZGQxNDp7InVubyI6IjE1OTAyMjkwNjg4IiwidXNlciI6Ilx1Njc0ZVx1NTYwOVx1NzQ5MCJ9', '2018-10-06 08:28:41.842296');
INSERT INTO `django_session` VALUES ('pelvysbsj9xzg61n587omwxpsh962hnf', 'ZmUzY2U3MGZlMGQ5YjYyZDM0MjM4MzBjYmYxYjZiMzZmZjM0ODg5ZTp7InVubyI6IjAxMDE1NSIsInVzZXIiOiJcdTkwZDFcdTYzNzdcdTZjZjAiLCJwYXRoIjoiIn0=', '2018-10-06 20:10:44.263485');
INSERT INTO `django_session` VALUES ('rrfk07wsw7m8xzwmbl0m7ouh2a91z6ec', 'ZTI0OTgyODE2N2U3MWMzYTRiZTQyMWM2MGM2MGExMjU4N2Q2ZjVhNjp7InVubyI6IjAxMDA2MiIsInVzZXIiOiJcdTViNWZcdTViYWFcdTUxYWMiLCJwYXRoIjoiIn0=', '2018-10-07 10:37:28.665949');
INSERT INTO `django_session` VALUES ('tr019z17azr6vjqmdlwulzik4y55e1ay', 'YTNiMTU0MzIwMjEyNmRiOWI3NTdhYzc3YjczNzY1MDBhZWI4NmEyYTp7InVubyI6IjE1MjIyNzIxNzExIiwidXNlciI6Ilx1Njc0ZVx1NTI1MSIsInBhdGgiOiJzdGF0aWMvdXBsb2FkLzE1Mzc2MTgyNDA5NDMuanBnIn0=', '2018-10-06 12:10:40.949653');
INSERT INTO `django_session` VALUES ('ug5jtcxc4kxtymf39qykbm1uq7iuqxoj', 'MWFjMzlkYzcwYWI4MWU3YjUyODc4OWFjMzhjOWZhMThjM2YxN2FjZTp7InVubyI6IjAxMDA3NCIsInVzZXIiOiJcdTY3NGVcdTUyNTEiLCJwYXRoIjoiIn0=', '2018-10-07 10:44:06.093839');
COMMIT;

-- ----------------------------
-- Table structure for login_userinfo
-- ----------------------------
DROP TABLE IF EXISTS `login_userinfo`;
CREATE TABLE `login_userinfo` (
  `nid` bigint(20) NOT NULL AUTO_INCREMENT,
  `username` varchar(32) COLLATE utf8_unicode_ci NOT NULL,
  `password` varchar(64) COLLATE utf8_unicode_ci NOT NULL,
  `no` varchar(32) COLLATE utf8_unicode_ci DEFAULT NULL,
  `danwei` varchar(50) COLLATE utf8_unicode_ci DEFAULT NULL,
  `jianzhengren` varchar(20) COLLATE utf8_unicode_ci DEFAULT NULL,
  `jianzhengrenzhiwu` varchar(50) COLLATE utf8_unicode_ci DEFAULT NULL,
  `keshi` varchar(50) COLLATE utf8_unicode_ci DEFAULT NULL,
  `mubiao` varchar(500) COLLATE utf8_unicode_ci DEFAULT NULL,
  `neirong` varchar(1000) COLLATE utf8_unicode_ci DEFAULT NULL,
  `shouji` varchar(20) COLLATE utf8_unicode_ci DEFAULT NULL,
  `shuiping` varchar(200) COLLATE utf8_unicode_ci DEFAULT NULL,
  `xiangmu` varchar(50) COLLATE utf8_unicode_ci DEFAULT NULL,
  `xinbie` varchar(10) COLLATE utf8_unicode_ci NOT NULL,
  `xuanyan` varchar(1000) COLLATE utf8_unicode_ci DEFAULT NULL,
  `yuanyin` varchar(1000) COLLATE utf8_unicode_ci DEFAULT NULL,
  `zhaopian` varchar(1000) COLLATE utf8_unicode_ci DEFAULT NULL,
  `zongshu` int(11) NOT NULL,
  `bendanweirenshu` int(11) NOT NULL,
  `nianlingduan` varchar(20) COLLATE utf8_unicode_ci DEFAULT NULL,
  PRIMARY KEY (`nid`)
) ENGINE=InnoDB AUTO_INCREMENT=696 DEFAULT CHARSET=utf8 COLLATE=utf8_unicode_ci;

-- ----------------------------
-- Records of login_userinfo
-- ----------------------------
BEGIN;
INSERT INTO `login_userinfo` VALUES (349, '', '', NULL, NULL, NULL, NULL, NULL, NULL, NULL, NULL, NULL, NULL, '', NULL, NULL, NULL, 0, 0, NULL);
INSERT INTO `login_userinfo` VALUES (350, '李阳', '13902080676', '010039', '指 挥 部', '刘海霞', '警保部膳食管理科科长', '110指挥中心', '通读《习近平谈治国理政》两卷，真正学懂弄通，努力在工作中做实。', '〖通读《习近平谈治国理政》一二卷、继续每天收看新闻联播〗', '13902080676', '基础理论水平', '政治素养', '女', '不管走得再远，都不要忘记当初为什么出发。退伍不褪色，从来不认怂！', '夯实理论根基，提高政治自觉，以先进思想引领工作实践是新时代每名共产党员的使命与责任。', 'https://www.wjx.cn/wjx/viewfile.aspx?path=http%3a%2f%2fpubuserqiniu.paperol.cn%2f28164052_12_q11_zhmp03kNdkKuX7DKLiHOg.jpg%3fattname%3d13_11_IMG_20180722_183617.jpg&activity=28164052', 1, 1, '26~30');
INSERT INTO `login_userinfo` VALUES (351, '刘磊', '13820212681', '010361', '指 挥 部', '张杨', '科员', '巡控处二科', '五公里40分钟', '〖每天走五公里〗', '13820212681', '五公里一小时', '体能水平', '男', '突破自我', '强身健体', 'https://www.wjx.cn/wjx/viewfile.aspx?path=http%3a%2f%2fpubuserqiniu.paperol.cn%2f28164052_28_q11_CA8FxQZHUkqcIqYW4Yzsdw.jpg%3fattname%3d28_11_IMG_1907.jpg&activity=28164052', 2, 2, '31~40');
INSERT INTO `login_userinfo` VALUES (352, '孟宪冬', '13920421675', '010062', '指 挥 部', '郭文举', '办公室民警', '办公室', '150斤以下', '〖减肥15斤〗', '13920421675', '162斤', '健康生活', '男', '加油我能行！', '太胖了', 'https://www.wjx.cn/wjx/viewfile.aspx?path=http%3a%2f%2fpubuserqiniu.paperol.cn%2f28164052_33_q11_mpHsXWDMUS0ulg2p88feQ.jpg%3fattname%3d35_11_mmexport1530175791647.jpg&activity=28164052', 3, 3, '26~30');
INSERT INTO `login_userinfo` VALUES (353, '李思思', '15202268604', '010140', '指 挥 部', '冉钊', '民警', '办公室', '每周保证2到3次瑜伽锻炼', '〖每周坚持做瑜伽2到3次〗', '15202268604', '每周在单位参加1到2次中午瑜伽课，偶尔懈怠，坚持的不好', '健康生活', '女', '我的健康我做主', '工作忙没时间运动，身体素质变差', 'https://www.wjx.cn/wjx/viewfile.aspx?path=http%3a%2f%2fpubuserqiniu.paperol.cn%2f28164052_39_q11_g89TtTsCHUqD3nrBBS7rKg.jpg%3fattname%3d39_11_97EFE352-D043-4CE1-A656-C1F56A960660.jpeg&activity=28164052', 4, 4, '31~40');
INSERT INTO `login_userinfo` VALUES (354, '张静怡', '15320158271', '010156', '指 挥 部', '曲超', '主任科员', '机要保密处', '每周十公里', '〖每周跑步十公里〗', '15320158271', '从不运动', '体能水平', '女', '(空)', '希望突破自我', 'https://www.wjx.cn/wjx/viewfile.aspx?path=http%3a%2f%2fpubuserqiniu.paperol.cn%2f28164052_81_q11_MFR20BOUIkKpmq4GRKjjgw.jpg%3fattname%3d82_11_IMG_20180918_160147.jpg&activity=28164052', 5, 5, '18~25');
INSERT INTO `login_userinfo` VALUES (355, '贺纯荻', '18322161912', '010151', '指 挥 部', '郑捷泰', '科员', '机要保密处', '熟读党章和重要理论书籍', '〖坚持政治理论学习〗', '18322161912', '仅按照单位要求学习', '政治素养', '女', '(空)', '理论水平有待提高', 'https://www.wjx.cn/wjx/viewfile.aspx?path=http%3a%2f%2fpubuserqiniu.paperol.cn%2f28164052_80_q11_EFg0eYaXPUKv4ELB37Y6vQ.jpg%3fattname%3d83_11_MYXJ_20160113172611_fast.jpg&activity=28164052', 6, 6, '26~30');
INSERT INTO `login_userinfo` VALUES (356, '杨靓怡', '18722381842', '010087', '指 挥 部', '夏瑞', '夏指挥', '110指挥中心', '优异', '〖身体素质〗', '18722381842', '良好', '健康生活', '女', '百日争先 突破自我', '身体素质极为重要', 'https://www.wjx.cn/wjx/viewfile.aspx?path=http%3a%2f%2fpubuserqiniu.paperol.cn%2f28164052_119_q11_yHFrpQQGX0OIok3X5NkDQw.jpg%3fattname%3d120_11_51B6C1E7-3436-4BDE-A6F8-00F845CF6D8B.jpeg&activity=28164052', 7, 7, '18~25');
INSERT INTO `login_userinfo` VALUES (357, '李剑', '15222721711', '010074', '指 挥 部', '夏瑞', '指挥长', '指挥部', '突破20公里', '〖每天跑步10公里〗', '15222721711', '高', '体能水平', '男', '我能行', '挑战自己', 'https://www.wjx.cn/wjx/viewfile.aspx?path=http%3a%2f%2fpubuserqiniu.paperol.cn%2f28164052_120_q11_oPAPVwcUEkyUvNbEpWRvdQ.jpg%3fattname%3d121_11_image.jpeg&activity=28164052', 8, 8, '26~30');
INSERT INTO `login_userinfo` VALUES (358, '焦烨', '13752685859', 'WZ010042', '指 挥 部', '柏晓伟', '文职', '指挥中心110勤务二科', '110', '〖减重八斤〗', '13752685859', '118', '体能水平', '女', '(空)', '缺乏锻炼，身体处于亚健康状态。', 'https://www.wjx.cn/wjx/viewfile.aspx?path=http%3a%2f%2fpubuserqiniu.paperol.cn%2f28164052_123_q11_gTIX1DvIhkqDGc8mMlb86A.jpg%3fattname%3d125_11_BBD06DFC-F919-4081-A77F-C82CB347E4A2.jpeg&activity=28164052', 9, 9, '31~40');
INSERT INTO `login_userinfo` VALUES (359, '柏晓炜', '18649222210', 'WZ010050', '指 挥 部', '焦烨', '文职', '指挥中心110勤务二科', '155斤', '〖坚持锻炼，减重10斤〗', '18649222210', '165斤', '体能水平', '男', '誓与脂肪决一死战', '平时缺乏锻炼，身体严重亚健康', 'https://www.wjx.cn/wjx/viewfile.aspx?path=http%3a%2f%2fpubuserqiniu.paperol.cn%2f28164052_125_q11_TLGg4Bb0GW6jfM9sGltg.jpg%3fattname%3d126_11_5F6594C0-9DDB-4933-A44D-F12EAB1BACE6.jpeg&activity=28164052', 10, 10, '31~40');
INSERT INTO `login_userinfo` VALUES (360, '扈树安', '18622737636', '247', '指 挥 部', '戴广悦', '民警', '指挥中心勤务二科', '能识别大部分境内路面管辖划分', '〖牢记各地区治安交通划分〗', '18622737636', '只记得部分地区管界划分', '业务能力', '男', '积极进取，完善自我', '为了更好的融入工作，减少失误', 'https://www.wjx.cn/wjx/viewfile.aspx?path=http%3a%2f%2fpubuserqiniu.paperol.cn%2f28164052_119_q11_zrZv9NYObU2FEnyiv2CVaw.jpg%3fattname%3d127_11_image.jpg&activity=28164052', 11, 11, '18~25');
INSERT INTO `login_userinfo` VALUES (361, '周继翠', '15022717376', '010185', '指 挥 部', '戴广悦', '民警', '二科', '坚持锻炼', '〖每天跑3km〗', '15022717376', '3km', '体能水平', '女', '我是最棒的', '锻炼身体', 'https://www.wjx.cn/wjx/viewfile.aspx?path=http%3a%2f%2fpubuserqiniu.paperol.cn%2f28164052_131_q11_wwaaWODh0ia4w1hGZh79g.jpg%3fattname%3d131_11_906EEA99-B78E-4019-A887-9A32077831D3.jpeg&activity=28164052', 12, 12, '18~25');
INSERT INTO `login_userinfo` VALUES (362, '毛霖', '17702610059', '010006', '指 挥 部', '戴广悦', '接警管理', '指挥中心勤务二科', '5公里', '〖每天跑步3公里〗', '17702610059', '每天3公里', '体能水平', '男', '(空)', '锻炼身体', 'https://www.wjx.cn/wjx/viewfile.aspx?path=http%3a%2f%2fpubuserqiniu.paperol.cn%2f28164052_137_q11_WcaW1IDFWkaU5J56CYP2Q.jpg%3fattname%3d137_11_mmexport1500029135699.jpg&activity=28164052', 13, 13, '18~25');
INSERT INTO `login_userinfo` VALUES (363, '郭浩', '18630992046', '010167', '指 挥 部', '戴广悦', '民警', '指挥中心', '10点', '〖每天10点睡觉〗', '18630992046', '12点', '健康生活', '男', '早睡早起好身体', '为了身体健康', 'https://www.wjx.cn/wjx/viewfile.aspx?path=http%3a%2f%2fpubuserqiniu.paperol.cn%2f28164052_140_q11_Qya9lp0ikKOS0lGbgw.jpg%3fattname%3d141_11_234CBFBD-9502-4E80-B416-ED732E223AE5.jpeg&activity=28164052', 14, 14, '18~25');
INSERT INTO `login_userinfo` VALUES (364, '王洪倩', '15202291093', '010176', '指 挥 部', '戴广悦', '民警', '勤务二科', '每天坚持1小时', '〖每天学习1小时〗', '15202291093', '一般', '业务能力', '女', '每天进步一点点', '让自己变强', 'https://www.wjx.cn/wjx/viewfile.aspx?path=http%3a%2f%2fpubuserqiniu.paperol.cn%2f28164052_137_q11_UyKncZBJhkOQq9bvuIkmSQ.jpg%3fattname%3d142_11_B612Kaji_20180722_174557_285.jpg&activity=28164052', 15, 15, '18~25');
INSERT INTO `login_userinfo` VALUES (365, '刘轩睿', '13820204005', '010068', '指 挥 部', '戴广悦', '管理', '勤务二科', '10km', '〖跑步〗', '13820204005', '5km', '体能水平', '男', '燃烧我的卡路里', '减肥', 'https://www.wjx.cn/wjx/viewfile.aspx?path=http%3a%2f%2fpubuserqiniu.paperol.cn%2f28164052_143_q11_pimbFm0Eo0S2SG9vHayjSw.jpg%3fattname%3d145_11_216A91B4-F3E3-4309-8D66-BB04189608B1.jpeg&activity=28164052', 16, 16, '18~25');
INSERT INTO `login_userinfo` VALUES (366, '李健豪', '13622001992', '010129', '指 挥 部', '张继东', '新闻宣传中心副主任', '新闻宣传中心', '成功考取中国民用航空局无人机飞行执照', '〖考取中国民用航空局无人机飞行执照〗', '13622001992', '零基础学习', '学业进修', '男', '年轻没有失败 青春炫出色彩！', '工作中会需要到航拍，中国民用航空局无人机飞行执照是民航总局下发国家认证的无人机驾驶资格证，在今后的工作中为了更好的去完成航拍等多项拍摄任务，此次学习考证正是一次突破自我提升自我的好机会。', 'https://www.wjx.cn/wjx/viewfile.aspx?path=http%3a%2f%2fpubuserqiniu.paperol.cn%2f28164052_146_q11_o8YgtXAnhUimplM47AAUgg.jpg%3fattname%3d146_11_D0E40AC7-58E2-4759-BEDB-ECE69A6C346B.jpeg&activity=28164052', 17, 17, '26~30');
INSERT INTO `login_userinfo` VALUES (367, '林阳', '13622099630', '010064', '指 挥 部', '孔琳', '新闻宣传中心网宣科科长', '新闻宣传中心网宣科', '135斤', '〖减重30斤〗', '13622099630', '165斤', '体能水平', '女', '不能管理自己身材的人生，和咸鱼有什么区别？！', '想遇见更好的自己！！！！', 'https://www.wjx.cn/wjx/viewfile.aspx?path=http%3a%2f%2fpubuserqiniu.paperol.cn%2f28164052_151_q11_Tl17krKSVEKweCqQ4pHIjg.jpg%3fattname%3d151_11_8B3F2918-9FA0-4C15-ADBD-56969CE94778.jpeg&activity=28164052', 18, 18, '26~30');
INSERT INTO `login_userinfo` VALUES (368, '张天骥', '15122802156', '010015', '指 挥 部', '宋中楠', '副科长', '档案处 史志科', '熟练掌握日常菜肴做法', '〖每周学做一样家常菜〗', '15122802156', '零基础', '其他方面', '男', '妇男能挡半边天！', '结婚两周年之际，搬入新房，迈入人生全新阶段', 'https://www.wjx.cn/wjx/viewfile.aspx?path=http%3a%2f%2fpubuserqiniu.paperol.cn%2f28164052_159_q11_QG6xvu0e5ESt2mnfGPZj5w.jpg%3fattname%3d161_11_IMG_20180903_214415.jpg&activity=28164052', 19, 19, '31~40');
INSERT INTO `login_userinfo` VALUES (369, '于喜山', '15022728285', '206861', '指 挥 部', '李浩', '副科长', '新闻宣传中心', '攻克普通话证书', '〖讲好普通话〗', '15022728285', '菜鸟级别', '业务能力', '男', '不挑战一下自己，你怎么知道你不行', '从事宣传工作，普通话要学好', 'https://www.wjx.cn/wjx/viewfile.aspx?path=http%3a%2f%2fpubuserqiniu.paperol.cn%2f28164052_245_q11_PAuHvioQWEeClzaN14c2g.jpg%3fattname%3d248_11_56F23876-9F1D-491F-8C0E-18D9D31A3A67.jpeg&activity=28164052', 20, 20, '26~30');
INSERT INTO `login_userinfo` VALUES (370, '郝丙云', '13752617916', '010339', '指 挥 部', '张彬', '副科长', '指挥部研究室四科', '晚上十点半之前睡觉，早晨六点之前起床', '〖晚上十点之前睡。〗', '13752617916', '一般夜间十一点半睡。', '健康生活', '男', '(空)', '晚睡影响白天工作效率。', 'https://www.wjx.cn/wjx/viewfile.aspx?path=http%3a%2f%2fpubuserqiniu.paperol.cn%2f28164052_270_q11_t2BJXQVwMEWj53xxKgaMA.jpg%3fattname%3d280_11_IMG_20180919_144123.jpg&activity=28164052', 21, 21, '31~40');
INSERT INTO `login_userinfo` VALUES (371, '郑捷泰', '15022772547', '010155', '指 挥 部', '孔庆钢', '副科长', '机要保密处', '早睡早起，多运动多锻炼', '〖每周15公里跑步〗', '15022772547', '生活不规律', '健康生活', '男', '(空)', '全面发展', 'https://www.wjx.cn/wjx/viewfile.aspx?path=http%3a%2f%2fpubuserqiniu.paperol.cn%2f28164052_343_q11_nK0Km1MykSYfTeD0xRRQ.jpg%3fattname%3d343_11_85C297AD-72FE-4887-B001-AD1346B050F0.jpeg&activity=28164052', 22, 22, '18~25');
INSERT INTO `login_userinfo` VALUES (372, '时静祥', '15332027163', '010166', '指 挥 部', '张巍', '勤务4科科长', '指挥中心勤务4科', '体重170斤，1公里为4分10秒以内', '〖减重30斤，1公里跑进4分10秒〗', '15332027163', '体重200斤，1公里为4分29秒', '体能水平', '男', '你走过的路，每一步都算数。', '太胖。', 'https://www.wjx.cn/wjx/viewfile.aspx?path=http%3a%2f%2fpubuserqiniu.paperol.cn%2f28164052_356_q11_ACC0XMf80qjysYL9Lfa7A.jpg%3fattname%3d356_11_11632E44-A151-41B3-B900-987DF7326B04.jpeg&activity=28164052', 23, 23, '18~25');
INSERT INTO `login_userinfo` VALUES (373, '', '', NULL, NULL, NULL, NULL, NULL, NULL, NULL, NULL, NULL, NULL, '', NULL, NULL, NULL, 0, 0, NULL);
INSERT INTO `login_userinfo` VALUES (374, '苏忠原', '18649055651', '600057', '预审总队', '吴晓晨', '政治处副主任', '一支队二大队', '百日内坚持不吃，喝上述食物饮品', '〖不喝酒不吃甜食不喝咖啡〗', '18649055651', '酷爱甜食，零食和饮料', '健康生活', '男', '(空)', '纠正不良生活习惯，提高身体素质', 'https://www.wjx.cn/wjx/viewfile.aspx?path=http%3a%2f%2fpubuserqiniu.paperol.cn%2f28164052_157_q11_G5OLFEp1LEq7NIkkxiEHTA.jpg%3fattname%3d158_11_image.jpg&activity=28164052', 24, 1, '18~25');
INSERT INTO `login_userinfo` VALUES (375, '韩云鹏', '18622962971', '600050', '预审总队', '吴晓晨', '政治处副主任', '二支队一大队', '145斤', '〖减重10斤〗', '18622962971', '当前体重155斤', '体能水平', '男', '(空)', '对自己的形体不满意', 'https://www.wjx.cn/wjx/viewfile.aspx?path=http%3a%2f%2fpubuserqiniu.paperol.cn%2f28164052_211_q11_izG5dLVoikmSQKhXBM3ZFQ.jpg%3fattname%3d215_11_63B2AE04-234A-4F4B-B156-B6B00561D52F.jpeg&activity=28164052', 25, 2, '18~25');
INSERT INTO `login_userinfo` VALUES (376, '', '', NULL, NULL, NULL, NULL, NULL, NULL, NULL, NULL, NULL, NULL, '', NULL, NULL, NULL, 0, 0, NULL);
INSERT INTO `login_userinfo` VALUES (377, '李嘉璐', '15902290688', '180730', '刑 侦 局', '马震晨', '科院', '专项办', '每天提升一点点', '〖坚持业务知识学习和实战锻炼，提升个人业务能力〗', '15902290688', '一般', '业务能力', '女', '(空)', '需要多积累经验，进一步提升自己业务水平', 'https://www.wjx.cn/wjx/viewfile.aspx?path=http%3a%2f%2fpubuserqiniu.paperol.cn%2f28164052_205_q11_hvHrdZ65hECxCw6TkwNOGA.jpg%3fattname%3d205_11_13C56EAE-320B-4F89-8424-8E9E9F435F97.jpeg&activity=28164052', 26, 1, '26~30');
INSERT INTO `login_userinfo` VALUES (378, '徐明兴', '13820661300', '180588', '刑 侦 局', '刘伟', '副主任科员', '五支队', '争取一百天不吃零食', '〖一百天不吃零食〗', '13820661300', '几乎每天吃零食', '健康生活', '女', '(空)', '吃不健康食品太多', 'https://www.wjx.cn/wjx/viewfile.aspx?path=http%3a%2f%2fpubuserqiniu.paperol.cn%2f28164052_271_q11_uvDQODFtqkK58vof99nRg.jpg%3fattname%3d274_11_image.jpeg&activity=28164052', 27, 2, '26~30');
INSERT INTO `login_userinfo` VALUES (379, '李川', '15902276225', '180727', '刑 侦 局', '崔鹤群', '电字证据检验室科员', '十三支队电子证据检验室', '每天运动半小时', '〖每天最少有半小时运动时间（包括打篮球、跑步、骑车等）〗', '15902276225', '一个月运动一次', '体能水平', '男', '挑战自我，超越极限', '运动减少导致体能下降', 'https://www.wjx.cn/wjx/viewfile.aspx?path=http%3a%2f%2fpubuserqiniu.paperol.cn%2f28164052_290_q11_TLXPLVXGH0ORiLESJYLqzA.jpg%3fattname%3d294_11_mmexport1537156332004.jpg&activity=28164052', 28, 3, '26~30');
INSERT INTO `login_userinfo` VALUES (380, '王远', '13752736180', '180698', '刑 侦 局', '荣源', '刑侦局三支队政委', '三支队四大队', '152', '〖减肥10斤〗', '13752736180', '162', '健康生活', '男', '(空)', '体重过高影响身体健康', 'https://www.wjx.cn/wjx/viewfile.aspx?path=http%3a%2f%2fpubuserqiniu.paperol.cn%2f28164052_310_q11_RHoOyZ5dYEWxK4kpQxYsHA.jpg%3fattname%3d311_11_IMG_20180919_163719.jpg&activity=28164052', 29, 4, '26~30');
INSERT INTO `login_userinfo` VALUES (381, '张哲', '13672060038', '180047', '刑 侦 局', '杨青', '干警', '十三支队', '100天读三本书', '〖每天保证读书至少30分钟〗', '13672060038', '到家看孩子，没有挤出时间读书', '学业进修', '女', '坚持就是胜利！', '修身养性，丰富自身知识涵养', 'https://www.wjx.cn/wjx/viewfile.aspx?path=http%3a%2f%2fpubuserqiniu.paperol.cn%2f28164052_311_q11_8wgyYhufuUOWdGs4g7Oi2w.jpg%3fattname%3d314_11_DE3008F8-17B2-4DE1-8E89-857B13649FA5.jpeg&activity=28164052', 30, 5, '26~30');
INSERT INTO `login_userinfo` VALUES (382, '', '', NULL, NULL, NULL, NULL, NULL, NULL, NULL, NULL, NULL, NULL, '', NULL, NULL, NULL, 0, 0, NULL);
INSERT INTO `login_userinfo` VALUES (383, '王立斌', '13752338135', '380990', '西青分局', '周德桂', '政委', '杨柳青镇东派出所', '170斤', '〖减重15斤〗', '13752338135', '185斤', '体能水平', '男', '体重都控制不了，怎么掌控人生', '为了更好的工作生活', 'https://www.wjx.cn/wjx/viewfile.aspx?path=http%3a%2f%2fpubuserqiniu.paperol.cn%2f28164052_54_q11_TZIkr9N1uERdzFjMfCI9w.jpg%3fattname%3d55_11_IMG_2938.jpg&activity=28164052', 31, 1, '26~30');
INSERT INTO `login_userinfo` VALUES (384, '杨洋', '18622217553', '381003', '西青分局', '韩建军', '民警', '西营门派出所', '能达到西班牙语A级水平', '〖每日学习西班牙语〗', '18622217553', '一点自学水平', '学业进修', '女', '争先是我的目标，突破是我的誓言！挑战自己，加油', '想学习一种小语种，提升自己的外语水平', 'https://www.wjx.cn/wjx/viewfile.aspx?path=http%3a%2f%2fpubuserqiniu.paperol.cn%2f28164052_55_q11_PSNuoKrXmUqyryzFswSP1A.jpg%3fattname%3d58_11_20EC603E-00DF-4353-814E-E51B70122CF1.jpeg&activity=28164052', 32, 2, '26~30');
INSERT INTO `login_userinfo` VALUES (385, '刘婷', '13672157323', '380179', '西青分局', '张思淼', '科员', '张家窝派出所', '掌握更多的运动知识和更科学的训练方法。', '〖坚持每天运动，完成一字马和独立引体向上〗', '13672157323', '运动爱好者', '体能水平', '女', '改变，需要的是一种态度。我期待遇见更好的自己。', '因为爱好运动所以想要突破自己，走的科学专业。', 'https://www.wjx.cn/wjx/viewfile.aspx?path=http%3a%2f%2fpubuserqiniu.paperol.cn%2f28164052_100_q11_2QPfNIyUyedBBy2rs51A.jpg%3fattname%3d107_11_0AFDA6A6-0E3D-442F-9BBC-84C452916A70.jpeg&activity=28164052', 33, 3, '26~30');
INSERT INTO `login_userinfo` VALUES (386, '李禹锜', '18630838136', '380080', '西青分局', '韩建军', '民警', '西营门派出所', '研究生笔试通过', '〖考研〗', '18630838136', '本科生', '学业进修', '男', '更高、更快、更强！', '提升自己的文化修养', 'https://www.wjx.cn/wjx/viewfile.aspx?path=http%3a%2f%2fpubuserqiniu.paperol.cn%2f28164052_162_q11_8fVorQla5UmTAMexaf2vcg.jpg%3fattname%3d162_11_D74E10C1-FACA-4842-A079-28198621CFC7.jpeg&activity=28164052', 34, 4, '26~30');
INSERT INTO `login_userinfo` VALUES (387, '王旭非', '18322055091', '380972', '西青分局', '杨继龙', '民警', '梅江会展中心地区派出所', '每月办理治安刑事案件5起', '〖每月办理治安刑事案件五起〗', '18322055091', '每月办理治安刑事案件3起', '业务能力', '男', '提升自我，改变自我', '加强自身业务能力', 'https://www.wjx.cn/wjx/viewfile.aspx?path=http%3a%2f%2fpubuserqiniu.paperol.cn%2f28164052_279_q11_r0d7CNJ9P0exK9Ah0XAKQ.jpg%3fattname%3d281_11_E94933CC-3E67-43F5-893C-D2724AD4D218.jpeg&activity=28164052', 35, 5, '26~30');
INSERT INTO `login_userinfo` VALUES (388, '许丽娜', '15022209700', '380046', '西青分局', '王征', '民警', '法制支队', '120斤', '〖每天2公里〗', '15022209700', '140斤', '体能水平', '女', '瘦下来爱自己', '该减肥了', 'https://www.wjx.cn/wjx/viewfile.aspx?path=http%3a%2f%2fpubuserqiniu.paperol.cn%2f28164052_295_q11_8ZUOzkwIPEujVQ1NojfKQg.jpg%3fattname%3d295_11_72D1CD93-D8F4-4983-AD98-ADE95C5E20F1.jpeg&activity=28164052', 36, 6, '26~30');
INSERT INTO `login_userinfo` VALUES (389, '范文同', '13821776037', '380839', '西青分局', '霍育', '民警', '辛口派出所', '独立办理治安案件', '〖独立办理治安案件〗', '13821776037', '对公安业务知识略懂一点', '业务能力', '男', '决战一百天！', '作为新民警，业务能力很重要', 'https://www.wjx.cn/wjx/viewfile.aspx?path=http%3a%2f%2fpubuserqiniu.paperol.cn%2f28164052_339_q11_8j0agOeTAkCRkKlJduom9w.png%3fattname%3d340_11_IMG_1295.png&activity=28164052', 37, 7, '18~25');
INSERT INTO `login_userinfo` VALUES (390, '', '', NULL, NULL, NULL, NULL, NULL, NULL, NULL, NULL, NULL, NULL, '', NULL, NULL, NULL, 0, 0, NULL);
INSERT INTO `login_userinfo` VALUES (391, '魏亮', '15022286003', '431003', '武清分局', '宋利民', '政治处副主任', '政治处', '150', '〖由170斤减肥到150斤〗', '15022286003', '170', '体能水平', '男', '追求卓越   百日绽放', '肥胖造成懒惰习惯和各种疾病', 'https://www.wjx.cn/wjx/viewfile.aspx?path=http%3a%2f%2fpubuserqiniu.paperol.cn%2f28397784_40_q11_15w6lto6k0ae2wo0XsSi4w.jpg%3fattname%3d43_11_Screenshot_20180415_120243.jpg&activity=28397784', 38, 1, '31~40');
INSERT INTO `login_userinfo` VALUES (392, '殷佳琦', '18722624296', '432299', '武清分局', '唐伯旺', '河西务派出所党支部政委', '河西务派出所', '熟练掌握AutoCAD操作以及二维建筑图纸绘制', '〖熟练掌握AutoCAD软件〗', '18722624296', '刚开始了解AutoCAD', '学业进修', '男', '(空)', '对设计类软件比较感兴趣，并且想要学习了解', 'https://www.wjx.cn/wjx/viewfile.aspx?path=http%3a%2f%2fpubuserqiniu.paperol.cn%2f28397784_52_q11_6FikbnCRhkiGeVQLDzW1g.jpg%3fattname%3d55_11_IMG_20180921_161659.jpg&activity=28397784', 39, 2, '18~25');
INSERT INTO `login_userinfo` VALUES (393, '刘双飞', '15122753546', '431261', '武清分局', '王金波', '宫常胜', '河西务派出所', '了解并掌握初级审计的相关专业知识', '〖审计学〗', '15122753546', '无基础', '学业进修', '男', '(空)', '通过学会管理和监督财政资金，为打击经济犯罪做好基础。', 'https://www.wjx.cn/wjx/viewfile.aspx?path=http%3a%2f%2fpubuserqiniu.paperol.cn%2f28397784_67_q11_rzKvQfoBck2pYCWQzZfPfA.jpg%3fattname%3d71_11_05BBD0BF-3FEF-4C41-A721-5FDF62BE23F4.jpeg&activity=28397784', 40, 3, '26~30');
INSERT INTO `login_userinfo` VALUES (394, '', '', NULL, NULL, NULL, NULL, NULL, NULL, NULL, NULL, NULL, NULL, '', NULL, NULL, NULL, 0, 0, NULL);
INSERT INTO `login_userinfo` VALUES (395, '汪庚', '18522653515', '210237', '网络安全保卫总队', '宋鏊儒', '见习民警', '三支队', '这个目标很难用一个量化的数据来衡量，能让自己身体越来越健康就好啦', '〖下班后多泡健身房，减脂增肌〗', '18522653515', '也就算个入门吧…', '体能水平', '男', '(空)', '从170斤瘦到了140斤，减下去了不能再弹回来，要凿自己身体', 'https://www.wjx.cn/wjx/viewfile.aspx?path=http%3a%2f%2fpubuserqiniu.paperol.cn%2f28164052_66_q11_UyWZSUEDukCOl51yuvUjqQ.jpg%3fattname%3d69_11_BD2FC320-0C98-40EC-B338-0602276B9D44.jpeg&activity=28164052', 41, 1, '18~25');
INSERT INTO `login_userinfo` VALUES (396, '郑钧元', '13602162730', '210231', '网络安全保卫总队', '杨荣', '科员', '七支队', '初步掌握维语', '〖学习维语〗', '13602162730', '无', '业务能力', '男', '(空)', '想要掌握一门语言', 'https://www.wjx.cn/wjx/viewfile.aspx?path=http%3a%2f%2fpubuserqiniu.paperol.cn%2f28397784_75_q11_gdZa8uJeIka7J6u0d7mvjA.jpg%3fattname%3d75_11_20170617_150502.jpg&activity=28397784', 42, 2, '18~25');
INSERT INTO `login_userinfo` VALUES (397, '', '', NULL, NULL, NULL, NULL, NULL, NULL, NULL, NULL, NULL, NULL, '', NULL, NULL, NULL, 0, 0, NULL);
INSERT INTO `login_userinfo` VALUES (398, '孙文豪', '15822680381', '130156', '图侦技防总队', '李魏然', '民警', '一支队', '22', '〖坚持跑步或打球〗', '15822680381', '24', '体能水平', '男', '(空)', '体脂率过高', 'https://www.wjx.cn/wjx/viewfile.aspx?path=http%3a%2f%2fpubuserqiniu.paperol.cn%2f28397784_16_q11_OniN1jxqhEq8qbA1uckag.jpg%3fattname%3d16_11_mmexport1515638422844.jpg&activity=28397784', 43, 1, '18~25');
INSERT INTO `login_userinfo` VALUES (399, '赵青', '18302210135', '130078', '图侦技防总队', '杨峻', '副大队长', '图侦支队二大队', '一分钟做30个', '〖每天坚持仰卧起坐30个〗', '18302210135', '做不了几个就累了', '体能水平', '女', '加油爆发我的小腹肌', '胖了', 'https://www.wjx.cn/wjx/viewfile.aspx?path=http%3a%2f%2fpubuserqiniu.paperol.cn%2f28397784_16_q11_wHZq6Bnq6EKopYKu2rMGfQ.jpg%3fattname%3d17_11_E1D41932-63FD-48C0-815B-6E4DFE0EFA15.jpeg&activity=28397784', 44, 2, '26~30');
INSERT INTO `login_userinfo` VALUES (400, '张河平', '13820361691', '130125', '图侦技防总队', '刘子洋', '科员', '图像侦查支队一大队', '能够掌握较好的英语读写、翻译能力', '〖能够掌握较好的英语读写、翻译能力〗', '13820361691', '具有基本的英语水平', '学业进修', '女', '(空)', '希望能够翻译一些英文的新技术文章，给图侦工作带来帮助。', 'https://www.wjx.cn/wjx/viewfile.aspx?path=http%3a%2f%2fpubuserqiniu.paperol.cn%2f28397784_15_q11_L9UgKH5SREiSYb3hmLvUNA.jpg%3fattname%3d22_11_IMG_20180503_113012.jpg&activity=28397784', 45, 3, '18~25');
INSERT INTO `login_userinfo` VALUES (401, '王硕', '13312150863', '130145', '图侦技防总队', '李昊', '一支队支队长', '一支队', '掌握立项新业务，熟练优化现有图侦技防业务', '〖坚持每日学习新业务掌握新技术〗', '13312150863', '相关业务还不够熟练', '业务能力', '男', '(空)', '当前哦业务能力仍需提高', 'https://www.wjx.cn/wjx/viewfile.aspx?path=http%3a%2f%2fpubuserqiniu.paperol.cn%2f28397784_27_q11_ywxydDu910GgJeIagq1qQ.jpg%3fattname%3d34_11_CE60FD49-A647-44CC-A818-FA390CB6D1E0.jpeg&activity=28397784', 46, 4, '18~25');
INSERT INTO `login_userinfo` VALUES (402, '宋超', '15022435435', '130025', '图侦技防总队', '杨峻', '副大队长', '图侦支队', '三十个俯卧撑', '〖每天10个俯卧撑〗', '15022435435', '十个俯卧撑', '体能水平', '男', '(空)', '身体肥胖', 'https://www.wjx.cn/wjx/viewfile.aspx?path=http%3a%2f%2fpubuserqiniu.paperol.cn%2f28397784_69_q11_vAbwuQ04DEWYJYrCPitTHg.jpg%3fattname%3d70_11_5C9819E2-76E5-4B3F-BE4A-DA77B772228B.jpeg&activity=28397784', 47, 5, '31~40');
INSERT INTO `login_userinfo` VALUES (403, '李达', '13072293906', '130146', '图侦技防总队', '李昊', '支队长', '一支队', '65kg', '〖跑步，羽毛球〗', '13072293906', '72kg', '体能水平', '男', '燃烧我的卡路里！', '减肥', 'https://www.wjx.cn/wjx/viewfile.aspx?path=http%3a%2f%2fpubuserqiniu.paperol.cn%2f28397784_89_q11_C4sSyQ1ow0q1D7PyJU6uZw.jpg%3fattname%3d89_11_IMG_20180603_180458.jpg&activity=28397784', 48, 6, '18~25');
INSERT INTO `login_userinfo` VALUES (404, '何飞', '13011356576', '130141', '图侦技防总队', '李昊', '支队长', '一支队', '17%', '〖每天跑步或打羽毛球〗', '13011356576', '21%', '体能水平', '男', '(空)', '体脂率较高', 'https://www.wjx.cn/wjx/viewfile.aspx?path=http%3a%2f%2fpubuserqiniu.paperol.cn%2f28397784_90_q11_Rzqts4diB0u5WloA3dTV8g.jpg%3fattname%3d90_11_DB7B932B-6043-4BFB-AA67-44DBF3EC1BCD.jpeg&activity=28397784', 49, 7, '18~25');
INSERT INTO `login_userinfo` VALUES (405, '朱子怡', '18522921656', '130150', '图侦技防总队', '王硕', '科员', '一支队', '800米', '〖每日跑步或打羽毛球〗', '18522921656', '身体素质有待提高', '体能水平', '女', '坚持就是胜利', '体型瘦弱', 'https://www.wjx.cn/wjx/viewfile.aspx?path=http%3a%2f%2fpubuserqiniu.paperol.cn%2f28397784_90_q11_gzEQch3HkaGUm046GjMtg.jpg%3fattname%3d91_11_D84D4137-F77F-45B2-8A65-5BEFAAA179D6.jpeg&activity=28397784', 50, 8, '18~25');
INSERT INTO `login_userinfo` VALUES (406, '', '', NULL, NULL, NULL, NULL, NULL, NULL, NULL, NULL, NULL, NULL, '', NULL, NULL, NULL, 0, 0, NULL);
INSERT INTO `login_userinfo` VALUES (407, '刘志芳', '13832026098', '460147', '铁城分局', '李刚', '团委书记', '党建工作督导组', '坚持政治理论学习，掌握理论知识', '〖每天学习政治理论〗', '13832026098', '基础水平', '政治素养', '女', '(空)', '增强自我理论素养，深入学习习近平新时代中国特色社会主义思想', 'https://www.wjx.cn/wjx/viewfile.aspx?path=http%3a%2f%2fpubuserqiniu.paperol.cn%2f28164052_399_q11_T66qv8pcP0KyF33jIJz2Xg.jpg%3fattname%3d399_11_IMG_20180921_091811.jpg&activity=28164052', 51, 1, '26~30');
INSERT INTO `login_userinfo` VALUES (408, '张贺芳', '13930084267', '46-0011', '铁城分局', '孙爽', '民警', '神山派出所', '每分钟80个字', '〖五笔输入法〗', '13930084267', '没有任何基础', '业务能力', '女', '(空)', '目前我使用的是拼音输入法，应对简单的文字工作还可以，随着业务量的增加，工作内容差异化，需要自己能适应各种办公软件来应对，以提高工作效率，而五笔输入法具有较强的优势，所以决定学习五笔输入法，不断提高自己的业务水平。', 'https://www.wjx.cn/wjx/viewfile.aspx?path=http%3a%2f%2fpubuserqiniu.paperol.cn%2f28397784_3_q11_QvZmW1wYEy76Wpo1Op1YA.jpg%3fattname%3d5_11_20180921_124817-1.jpg&activity=28397784', 52, 2, '31~40');
INSERT INTO `login_userinfo` VALUES (409, '刘明明', '13831003181', '460142', '铁城分局', '赵东辉', '民警', '刑事侦查支队', '每天跑步3km', '〖每天跑步3km〗', '13831003181', '平时比较少进行体育锻炼', '体能水平', '男', '最具挑战性的挑战莫过于提升自己！', '增强锻炼！挑战自己！', 'https://www.wjx.cn/wjx/viewfile.aspx?path=http%3a%2f%2fpubuserqiniu.paperol.cn%2f28397784_6_q11_ttvZyeQFUiv5SJ7vI4XA.jpg%3fattname%3d11_11_image.jpeg&activity=28397784', 53, 3, '26~30');
INSERT INTO `login_userinfo` VALUES (410, '', '', NULL, NULL, NULL, NULL, NULL, NULL, NULL, NULL, NULL, NULL, '', NULL, NULL, NULL, 0, 0, NULL);
INSERT INTO `login_userinfo` VALUES (411, '回少鹏', '13602028966', '200764', '特警（巡警）总队', '毕鹏', '科员', '四支队一大队', '98公斤', '〖减重10公斤〗', '13602028966', '108公斤', '体能水平', '男', '健康生活，重回巅峰', '体重过重，身材臃肿', 'https://www.wjx.cn/wjx/viewfile.aspx?path=http%3a%2f%2fpubuserqiniu.paperol.cn%2f28164052_34_q11_aH1h1ynhqUWFYxmgpYYETA.jpg%3fattname%3d34_11_D35F2710-3FC2-41EF-A1EF-CAADF517E30F.jpeg&activity=28164052', 54, 1, '31~40');
INSERT INTO `login_userinfo` VALUES (412, '赵宣普', '18002146303', '201007', '特警（巡警）总队', '王辉', '警长', '五支队三大队', '肌肉明显', '〖每天坚持健身锻炼〗', '18002146303', '偏胖型', '体能水平', '男', '战胜困难 克服懒惰', '身材走形', 'https://www.wjx.cn/wjx/viewfile.aspx?path=http%3a%2f%2fpubuserqiniu.paperol.cn%2f28164052_104_q11_jH56pCthHE069lXrQqwA.jpg%3fattname%3d105_11_5703D706-17D5-4F2F-BE5C-1BC5AE5F70B7.jpeg&activity=28164052', 55, 2, '18~25');
INSERT INTO `login_userinfo` VALUES (413, '周心玉', '17695970310', '200825', '特警（巡警）总队', '张松年', '新警大队大队长', '五支队一大队', '读完全书并且记录下有感悟的语录整理成笔记', '〖坚持学习完《习近平治国理政(第一卷)和(第二卷)》全书〗', '17695970310', '一般理解', '其他方面', '女', '坚持到底，永不言弃！', '个人思想还需在进步还需再提高，自身耐心恒心有待欠缺需要加强', 'https://www.wjx.cn/wjx/viewfile.aspx?path=http%3a%2f%2fpubuserqiniu.paperol.cn%2f28164052_131_q11_B9PO8uNXNU2VWCJ7DW57MQ.jpg%3fattname%3d134_11_IMG_20180918_173853.jpg&activity=28164052', 56, 3, '18~25');
INSERT INTO `login_userinfo` VALUES (414, '赵凯', '18722209654', '200715', '特警（巡警）总队', '刘强', '二大队大队长', '特警总队一支队二大队', '通过突破自我激发潜能设立目标为30分钟', '〖专项训练92式手枪静立固定据枪瞄准训练〗', '18722209654', '静立据枪瞄准训练15分钟', '体能水平', '男', '津门金鹰、不辱使命、挑战自我、勇创佳绩', '提升警务实战射击技能水平', 'https://www.wjx.cn/wjx/viewfile.aspx?path=http%3a%2f%2fpubuserqiniu.paperol.cn%2f28164052_148_q11_TDGyt3MMgUKWeEeDwAKVvQ.jpg%3fattname%3d148_11_A18B3155-2DAE-4A28-9C42-0DAFFF891F64.jpeg&activity=28164052', 57, 4, '26~30');
INSERT INTO `login_userinfo` VALUES (415, '崔月华', '18202268449', '200658', '特警（巡警）总队', '刘文静', '副教导员', '特一支队七大队', '100天后养成早睡早起的好习惯', '〖熬夜晚睡〗', '18202268449', '每天晚上12点后睡', '健康生活', '女', '坚持努力就会成功', '经常熬夜，但是人体健康状况下降', 'https://www.wjx.cn/wjx/viewfile.aspx?path=http%3a%2f%2fpubuserqiniu.paperol.cn%2f28164052_159_q11_UwoCm7TeX06u3XEX4PKtAg.jpg%3fattname%3d160_11_IMG20180714113632_mr1531546418183.jpg&activity=28164052', 58, 5, '26~30');
INSERT INTO `login_userinfo` VALUES (416, '谷文豪', '17000522227', '200877', '特警（巡警）总队', '陈彭辉', '教官', '特警总队五支队一大队', '把自己的军事技能全面提高', '〖8000〗', '17000522227', '良好', '体能水平', '男', '百炼成钢', '超越自我', 'https://www.wjx.cn/wjx/viewfile.aspx?path=http%3a%2f%2fpubuserqiniu.paperol.cn%2f28164052_166_q11_17j4PwxPhESVqqye2rQyCw.jpg%3fattname%3d168_11_IMG_20180816_223111.jpg&activity=28164052', 59, 6, '26~30');
INSERT INTO `login_userinfo` VALUES (417, '马西西', '15822417083', '200655', '特警（巡警）总队', '刘文静', '副教导员', '特一支队一七大队', '中上水平', '〖格斗技能〗', '15822417083', '中下水平', '业务能力', '女', '力求突破  ，挑战不可能', '自身技能水平不够高', 'https://www.wjx.cn/wjx/viewfile.aspx?path=http%3a%2f%2fpubuserqiniu.paperol.cn%2f28164052_168_q11_MBbyruVmU2Y23kuNNoEQA.jpg%3fattname%3d185_11_918C1565-583A-47F0-A320-5E5576D79912.jpeg&activity=28164052', 60, 7, '26~30');
INSERT INTO `login_userinfo` VALUES (418, '王俊鹏', '18802225913', '200792', '特警（巡警）总队', '祁代庆', '大队长', '特一支队 四大队', '连续一百个俯卧撑', '〖每天100个引体向上，100个双杠体前屈、100个俯卧撑，100个仰卧起坐〗', '18802225913', '二十个俯卧撑', '体能水平', '男', '做最好的自己', '练出人鱼线八块腹肌', 'https://www.wjx.cn/wjx/viewfile.aspx?path=http%3a%2f%2fpubuserqiniu.paperol.cn%2f28164052_165_q11_EMmTWzA220WTNjQQmlrwg.jpg%3fattname%3d188_11_IMG_6578.jpg&activity=28164052', 61, 8, '26~30');
INSERT INTO `login_userinfo` VALUES (419, '岳喜龙', '15502232252', '200428', '特警（巡警）总队', '顾琳', '民警', '特一支队', '165', '〖每天至少3000米，瘦15斤〗', '15502232252', '180斤', '体能水平', '男', '坚持训练，回到五年前！', '长期在办公室工作，没时间训练，导致身体发胖，需要减肥！', 'https://www.wjx.cn/wjx/viewfile.aspx?path=http%3a%2f%2fpubuserqiniu.paperol.cn%2f28164052_181_q11_PzILeEJJ0S7L3j2lOhmQ.jpg%3fattname%3d192_11_359593FC-DA1F-4951-B888-68436A4EB888.jpeg&activity=28164052', 62, 9, '31~40');
INSERT INTO `login_userinfo` VALUES (420, '杨浩宇', '18822209698', '200700', '特警（巡警）总队', '魏延军', '教导员', '特一支队五大队', '能够熟知深入掌握', '〖每天坚持学习政治理论知识〗', '18822209698', '当前处于了解水平', '政治素养', '男', '滴水穿石，白日争先！', '用党的先进理论知识，武装头脑，指导实践。', 'https://www.wjx.cn/wjx/viewfile.aspx?path=http%3a%2f%2fpubuserqiniu.paperol.cn%2f28164052_200_q11_7gtIdHRl2UuAMRjQtQnA.jpg%3fattname%3d200_11_D0800518-644B-4179-A7D3-168F8299C8B6.jpeg&activity=28164052', 63, 10, '18~25');
INSERT INTO `login_userinfo` VALUES (421, '顾琳', '17695982204', '200798', '特警（巡警）总队', '岳喜龙', '民警', '特警一支队', '每天10:30睡觉，只吃健康食物，每周读完一本书。', '〖每天10:30睡觉，吃健康食物，每十天看完一本书〗', '17695982204', '熬夜成性，偶尔会吃垃圾食品，一个月看不完一本书。', '健康生活', '女', '越自律越自由', '想要养成自律习惯，需要大家监督', 'https://www.wjx.cn/wjx/viewfile.aspx?path=http%3a%2f%2fpubuserqiniu.paperol.cn%2f28164052_205_q11_wKNM1Z8vCkGpzs13WZaUDw.jpg%3fattname%3d206_11_IMG_6380.jpg&activity=28164052', 64, 11, '26~30');
INSERT INTO `login_userinfo` VALUES (422, '彭盼盼', '13366269652', '200863', '特警（巡警）总队', '刘敦林', '中队长', '五支队', '体重突破70公斤', '〖每周5次器械健身〗', '13366269652', '初级水平', '体能水平', '男', '宝剑锋从磨砺出，梅花香自苦寒来', '想把身材练的更好一些', 'https://www.wjx.cn/wjx/viewfile.aspx?path=http%3a%2f%2fpubuserqiniu.paperol.cn%2f28164052_207_q11_MPCm0FsKU6kkgv02dmO4A.jpg%3fattname%3d214_11_B612Kaji_20180807_105612_130.jpg&activity=28164052', 65, 12, '26~30');
INSERT INTO `login_userinfo` VALUES (423, '马超', '18222096026', '200657', '特警（巡警）总队', '徐维涛', '教导', '特一支队七大队', '降低体脂含量，提高小关节力量', '〖自身力量不足〗', '18222096026', '自身关节力量薄弱', '体能水平', '女', '挑战自我 突破极限', '自身素质需要进一步提高', 'https://www.wjx.cn/wjx/viewfile.aspx?path=http%3a%2f%2fpubuserqiniu.paperol.cn%2f28164052_212_q11_YjPjIdi52EeXLCLuJCP0A.jpg%3fattname%3d217_11_6F20EC11-6E35-4DE1-83CA-91A2EC37571D.jpeg&activity=28164052', 66, 13, '26~30');
INSERT INTO `login_userinfo` VALUES (424, '雷振刚', '13820233150', '200855', '特警（巡警）总队', '刘敦林', '民警', '特警五支队', '身材达到倒三角', '〖健身〗', '13820233150', '一般', '体能水平', '男', '相信自己可以的！', '身材不太满意', 'https://www.wjx.cn/wjx/viewfile.aspx?path=http%3a%2f%2fpubuserqiniu.paperol.cn%2f28164052_218_q11_1mNwvYqPAUC9maW9yCHspw.jpg%3fattname%3d230_11_IMG20180715084223.jpg&activity=28164052', 67, 14, '26~30');
INSERT INTO `login_userinfo` VALUES (425, '李冰', '13920102525', '200026', '特警（巡警）总队', '孙伟', '特警二支队一大队大队长', '特警二支队一大队', '熟知各方面基本理论', '〖每日坚持理论学习半小时〗', '13920102525', '基本掌握应知应会内容', '政治素养', '男', '特警永远争第一', '不断提高政治理论水平，提升驾驭政工工作水平和能力，更好的将政治工作开展好，践行习近平新时代中国特色社会主义思想。', 'https://www.wjx.cn/wjx/viewfile.aspx?path=http%3a%2f%2fpubuserqiniu.paperol.cn%2f28164052_240_q11_Z4ktBVMfGUOKeM3l4FHxbw.jpg%3fattname%3d243_11_IMG_20180919_113218.jpg&activity=28164052', 68, 15, '31~40');
INSERT INTO `login_userinfo` VALUES (426, '杨威', '13352057515', '200651', '特警（巡警）总队', '孙伟', '大队长', '特警二支队一大队', '每天至少一个五公里', '〖每天一个5公里〗', '13352057515', '不能保证每天运动', '体能水平', '男', '永远不要停止相信自己', '进一步提升身体素质和水平', 'https://www.wjx.cn/wjx/viewfile.aspx?path=http%3a%2f%2fpubuserqiniu.paperol.cn%2f28164052_299_q11_m6cVs1Jt0GqBKHgODyA.jpg%3fattname%3d299_11_IMG_3352.jpg&activity=28164052', 69, 16, '26~30');
INSERT INTO `login_userinfo` VALUES (427, '韩贤昌', '13752260413', '200928', '特警（巡警）总队', '李冰', '教导员', '特警二支队一大队', '熟练掌握政治理论', '〖提高政治理论水平〗', '13752260413', '基本掌握应知应会内容', '政治素养', '男', '坚持到底就是胜利。', '提高政治理论水平', 'https://www.wjx.cn/wjx/viewfile.aspx?path=http%3a%2f%2fpubuserqiniu.paperol.cn%2f28164052_305_q11_aiMyB12ijUa3BpVBKbRyKw.jpg%3fattname%3d305_11_IMG_20180919_075015.jpg&activity=28164052', 70, 17, '26~30');
INSERT INTO `login_userinfo` VALUES (428, '杜少彤', '15222217455', '200534', '特警（巡警）总队', '杜少彤', '科员', '三支队七大队', '26分', '〖5公里〗', '15222217455', '33分钟', '体能水平', '男', '相信自己，你是最棒的', '锻炼身体，保持良好的体能', 'https://www.wjx.cn/wjx/viewfile.aspx?path=http%3a%2f%2fpubuserqiniu.paperol.cn%2f28164052_352_q11_Jp7UzcyFwESEGxiXtrOdwA.jpg%3fattname%3d352_11_C360_2015-07-10-18-36-31-781.jpg&activity=28164052', 71, 18, '26~30');
INSERT INTO `login_userinfo` VALUES (429, '张阳', '13502139315', '200839', '特警（巡警）总队', '杨鹤', '副大队长', '特三支队四大队', '95KG', '〖减肥〗', '13502139315', '100KG', '健康生活', '男', '为了健康，激励自我。', '因肥胖体能下降', 'https://www.wjx.cn/wjx/viewfile.aspx?path=http%3a%2f%2fpubuserqiniu.paperol.cn%2f28164052_357_q11_v598K1cWqEusvAcQE502GQ.jpg%3fattname%3d357_11_93EE50E9-27AA-4E57-B68A-EEF4A1C5CA82.jpeg&activity=28164052', 72, 19, '26~30');
INSERT INTO `login_userinfo` VALUES (430, '王金玺', '13803002265', '201004', '特警（巡警）总队', '高原志', '二大队大队长', '三支队二大队', '到1月份跑100个5公里', '〖每天5公里〗', '13803002265', '一周2次运动', '体能水平', '男', '争先是我们的习惯，突破是我们的态度', '挑战自己', 'https://www.wjx.cn/wjx/viewfile.aspx?path=http%3a%2f%2fpubuserqiniu.paperol.cn%2f28164052_358_q11_D7raS7oZ0UGD1yH5TmWWFA.jpg%3fattname%3d358_11_3606781_090451093203_2.jpg&activity=28164052', 73, 20, '31~40');
INSERT INTO `login_userinfo` VALUES (431, '李德华', '13752096110', '200947', '特警（巡警）总队', '高原志', '特警三支队二大队大队长', '三支队二大队', '小组队员在角色互换，相互辅助更快完成抓捕任务', '〖三人小组处置〗', '13752096110', '小组队员在角色分工下能较快完成抓捕任务', '业务能力', '男', '抓捕任务中没有最快只有更快，没有绝对安全只有更加合理！！！', '特警总队尖刀机动队警力前置，主要负责反恐处突等严重暴力事件，小组队员如何快速抓捕处置是我们面临的首要问题！！！', 'https://www.wjx.cn/wjx/viewfile.aspx?path=http%3a%2f%2fpubuserqiniu.paperol.cn%2f28164052_366_q11_zlICTf6KMEyv0ifEzfzhoQ.jpg%3fattname%3d366_11_mmexport1537425128013.jpg&activity=28164052', 74, 21, '31~40');
INSERT INTO `login_userinfo` VALUES (432, '厉力', '17695515110', '200592', '特警（巡警）总队', '刘恩', '教导员', '特警三支队五大队', '150斤', '〖减肥10斤！〗', '17695515110', '160斤', '体能水平', '男', '之所以能，是因为相信能', '长期的缺乏锻炼，自己的体能水平有所下降', 'https://www.wjx.cn/wjx/viewfile.aspx?path=http%3a%2f%2fpubuserqiniu.paperol.cn%2f28164052_397_q11_EuDvRKp70SV9wWeQQ64g.jpg%3fattname%3d398_11_05215FD3-6C46-4757-A920-AEAA30A6CF10.jpeg&activity=28164052', 75, 22, '18~25');
INSERT INTO `login_userinfo` VALUES (433, '卢伟松', '13821953593', '200867', '特警（巡警）总队', '潘宇', '团总支书记', '特警总队三支队', '精通', '〖深入学习十九大精神及习近平总书记重要讲话精神〗', '13821953593', '了解', '政治素养', '男', '(空)', '负责党务工作，想要提高政治理论水平', 'https://www.wjx.cn/wjx/viewfile.aspx?path=http%3a%2f%2fpubuserqiniu.paperol.cn%2f28164052_400_q11_p4iCvA4GokOrQ4ucmc474Q.jpg%3fattname%3d400_11_IMG_20180921_092017.jpg&activity=28164052', 76, 23, '31~40');
INSERT INTO `login_userinfo` VALUES (434, '', '', NULL, NULL, NULL, NULL, NULL, NULL, NULL, NULL, NULL, NULL, '', NULL, NULL, NULL, 0, 0, NULL);
INSERT INTO `login_userinfo` VALUES (435, '唐迷昆', '15922123189', '510067', '水务治安分局', '贾士民', '政治处副主任', '指挥室', '学会视音频编辑、动画设计创作', '〖Adobe系列软件：PS/PR/AE软件学习。〗', '15922123189', '一无所知', '其他方面', '男', '保持好奇心、保持动手能力！', '对多媒体制作好奇', 'https://www.wjx.cn/wjx/viewfile.aspx?path=http%3a%2f%2fpubuserqiniu.paperol.cn%2f28397784_14_q11_F9A0mEsp1Ee7adU4mMar3g.jpg%3fattname%3d15_11_mmexport1513231436037.jpg&activity=28397784', 77, 1, '31~40');
INSERT INTO `login_userinfo` VALUES (436, '马永军', '13821231717', '510068', '水务治安分局', '唐迷昆', '民警', '政治处', '140斤', '〖三个月减20斤〗', '13821231717', '160斤', '健康生活', '男', '就是办！！！！', '为了健康', 'https://www.wjx.cn/wjx/viewfile.aspx?path=http%3a%2f%2fpubuserqiniu.paperol.cn%2f28397784_17_q11_pdvcjeu3306sscNOKulPhg.jpg%3fattname%3d18_11_0083CF06-8855-4A24-8F16-E97CB5196258.jpeg&activity=28397784', 78, 2, '26~30');
INSERT INTO `login_userinfo` VALUES (437, '付铨', '13702017661', '510001', '水务治安分局', '唐迷昆', '团支部书记', '指挥室', '深入专业性学习', '〖航拍及视频制作〗', '13702017661', '比较熟练', '其他方面', '男', '换个角度看世界.世界果然大不同', '进一步深入水平', 'https://www.wjx.cn/wjx/viewfile.aspx?path=http%3a%2f%2fpubuserqiniu.paperol.cn%2f28397784_18_q11_vDrjlAaG60rRAdTiqnzQ.jpg%3fattname%3d21_11_1C2BB42B-177E-4CBB-8305-4184A2D90C66.jpeg&activity=28397784', 79, 3, '31~40');
INSERT INTO `login_userinfo` VALUES (438, '张天宇', '13920357746', '510069', '水务治安分局', '唐迷昆', '民警', '指挥室', '6分钟', '〖6分钟平板支撑〗', '13920357746', '1分钟左右', '体能水平', '男', '(空)', '锻炼自己', 'https://www.wjx.cn/wjx/viewfile.aspx?path=http%3a%2f%2fpubuserqiniu.paperol.cn%2f28397784_27_q11_Xbinu4Ui906efhFTyB66og.jpg%3fattname%3d28_11_crop.jpg&activity=28397784', 80, 4, '26~30');
INSERT INTO `login_userinfo` VALUES (439, '', '', NULL, NULL, NULL, NULL, NULL, NULL, NULL, NULL, NULL, NULL, '', NULL, NULL, NULL, 0, 0, NULL);
INSERT INTO `login_userinfo` VALUES (440, '李超凡', '13072062892', '660042', '审 计 处', '刘学文', '五科科长', '业务五科', '42.195km', '〖平均每天五公里〗', '13072062892', '5km', '体能水平', '男', '挑战自我，突破极限。', '强健体魄，以更好的姿态迎接每一天。', 'https://www.wjx.cn/wjx/viewfile.aspx?path=http%3a%2f%2fpubuserqiniu.paperol.cn%2f28397784_5_q11_VemyWrNUmO8C8JndycQ.jpg%3fattname%3d8_11_FD131CE1-05F8-43B0-B2B6-1F21FC3B5A0C.jpeg&activity=28397784', 81, 1, '18~25');
INSERT INTO `login_userinfo` VALUES (441, '', '', NULL, NULL, NULL, NULL, NULL, NULL, NULL, NULL, NULL, NULL, '', NULL, NULL, NULL, 0, 0, NULL);
INSERT INTO `login_userinfo` VALUES (442, '元哲', '13821739556', '100055', '人口管理办公室', '李鑫', '教导员', '一支队', '165斤', '〖减重9斤〗', '13821739556', '174斤', '体能水平', '男', '(空)', '良好的身体素质是公安民警的基本条件', 'https://www.wjx.cn/wjx/viewfile.aspx?path=http%3a%2f%2fpubuserqiniu.paperol.cn%2f28397784_75_q11_MQgunVXsbkqOqUpIVW7JA.jpg%3fattname%3d76_11_51BD5443-43CE-44D5-A58A-B04B26D36988.jpeg&activity=28397784', 82, 1, '31~40');
INSERT INTO `login_userinfo` VALUES (443, '冯志伟', '15122125653', '100092', '人口管理办公室', '徐洪波', '支队长', '三支队', '比赛对抗1小时，跑动7公里', '〖足球锻炼〗', '15122125653', '踢球10分钟，跑动两公里', '体能水平', '男', '我相信，我能行！', '体能不好', 'https://www.wjx.cn/wjx/viewfile.aspx?path=http%3a%2f%2fpubuserqiniu.paperol.cn%2f28397784_77_q11_L0kg3Qe3kGuWnrhtW89Rw.jpg%3fattname%3d77_11_mmexport1537524123321.jpg&activity=28397784', 83, 2, '26~30');
INSERT INTO `login_userinfo` VALUES (444, '左杰', '13920156737', '100005', '人口管理办公室', '吴旻', '主任', '制证中心', '无任何废证', '〖港澳台居民居住证制作〗', '13920156737', '良好', '业务能力', '男', '你用证，我用心', '百日制证无废证', 'https://www.wjx.cn/wjx/viewfile.aspx?path=http%3a%2f%2fpubuserqiniu.paperol.cn%2f28397784_78_q11_kkJq0FYbKEOmXOwDQdiczA.jpg%3fattname%3d78_11_867F09A4-EBCD-4713-A360-C3C04DA5D9F9.jpeg&activity=28397784', 84, 3, '26~30');
INSERT INTO `login_userinfo` VALUES (445, '', '', NULL, NULL, NULL, NULL, NULL, NULL, NULL, NULL, NULL, NULL, '', NULL, NULL, NULL, 0, 0, NULL);
INSERT INTO `login_userinfo` VALUES (446, '任建斌', '18920676517', '440471', '宁河分局', '刘立军', '政治处副主任', '政治处', '每天5公里，配速5分30秒左右，坚持20周！', '〖每天5公里〗', '18920676517', '每周一次慢跑，每次30分钟。', '体能水平', '男', '燃烧吧，卡路里～我们悦跑圈上见！', '每天工作压力大，身体越来越差，需要运动提高身体素质，缓解工作压力。', 'https://www.wjx.cn/wjx/viewfile.aspx?path=http%3a%2f%2fpubuserqiniu.paperol.cn%2f28397784_82_q11_jgePrlEeikKCvEaAnw8Lg.jpg%3fattname%3d82_11_IMG_20180912_201321.jpg&activity=28397784', 85, 1, '31~40');
INSERT INTO `login_userinfo` VALUES (447, '', '', NULL, NULL, NULL, NULL, NULL, NULL, NULL, NULL, NULL, NULL, '', NULL, NULL, NULL, 0, 0, NULL);
INSERT INTO `login_userinfo` VALUES (448, '王超', '13752072973', '0', '内保局', '陶大为', '国保局团委副书记', '指挥室', '77.5kg', '〖瘦10斤〗', '13752072973', '82.5kg', '健康生活', '男', '(空)', '身体是革命的本钱。', 'https://www.wjx.cn/wjx/viewfile.aspx?path=http%3a%2f%2fpubuserqiniu.paperol.cn%2f28164052_74_q11_TDeD1aL3pEePhDcoAGMqQ.jpg%3fattname%3d76_11_P80729-165851.jpg&activity=28164052', 86, 1, '26~30');
INSERT INTO `login_userinfo` VALUES (449, '吕春林', '15122829922', '0', '内保局', '陶大为', '团委副书记', '集成中心', '78kg', '〖减肥10kg〗', '15122829922', '89kg', '体能水平', '男', '(空)', '锻炼身体', 'https://www.wjx.cn/wjx/viewfile.aspx?path=http%3a%2f%2fpubuserqiniu.paperol.cn%2f28164052_74_q11_mxcjbhhIE2wlApjg1LgWw.jpg%3fattname%3d78_11_IMG_20180812_095024.jpg&activity=28164052', 87, 2, '31~40');
INSERT INTO `login_userinfo` VALUES (450, '刘畅', '13920512746', '0', '内保局', '赵爽', '民警', '九支队', '163斤', '〖减肥十斤〗', '13920512746', '173斤', '健康生活', '男', '(空)', '身体健康', 'https://www.wjx.cn/wjx/viewfile.aspx?path=http%3a%2f%2fpubuserqiniu.paperol.cn%2f28164052_404_q11_cmdK3IhCEK2Ia9BiTpj8g.jpg%3fattname%3d405_11_6427733B-7C6F-4D40-9A0C-0F624D72337E.jpeg&activity=28164052', 88, 3, '26~30');
INSERT INTO `login_userinfo` VALUES (451, '魏桐润', '15822514031', '0', '内保局', '孙庆祥', '副支队长', '三支队', '较重10斤', '〖每天体育锻炼一小时〗', '15822514031', '较胖', '体能水平', '男', '(空)', '体型偏胖', 'https://www.wjx.cn/wjx/viewfile.aspx?path=http%3a%2f%2fpubuserqiniu.paperol.cn%2f28164052_87_q11_QUCCHIZNCkmuxIeG8zNSA.jpg%3fattname%3d92_11_wx_camera_1536980804254.jpg&activity=28164052', 89, 4, '31~40');
INSERT INTO `login_userinfo` VALUES (452, '齐鸿森', '13820157544', '0', '内保局', '刘瑞', '团支书', '二支队', '减到70公斤', '〖每天跑步5公里，减重5公斤〗', '13820157544', '当前75公斤', '体能水平', '男', '(空)', '减肥，保持身体健康', 'https://www.wjx.cn/wjx/viewfile.aspx?path=http%3a%2f%2fpubuserqiniu.paperol.cn%2f28164052_4_q11_IUZmaBYWDkeDVoqnqzfUWQ.jpg%3fattname%3d4_11_IMG20180917181152.jpg&activity=28164052', 90, 5, '31~40');
INSERT INTO `login_userinfo` VALUES (453, '于磊', '15802266617', '0', '内保局', '李然', '科员', '七支队', '1000米李然', '〖每天游泳1000米〗', '15802266617', '500米', '体能水平', '男', '(空)', '加强锻炼', 'https://www.wjx.cn/wjx/viewfile.aspx?path=http%3a%2f%2fpubuserqiniu.paperol.cn%2f28164052_99_q11_VhkDOz3kkS3wbUPYSllhw.jpg%3fattname%3d100_11_image.jpeg&activity=28164052', 91, 6, '31~40');
INSERT INTO `login_userinfo` VALUES (454, '王欣如', '13920019087', '0', '内保局', '赵莉', '民警', '十支队', '每天50个', '〖每天做五十个仰卧起坐〗', '13920019087', '每天20个', '体能水平', '女', '(空)', '锻炼身体', 'https://www.wjx.cn/wjx/viewfile.aspx?path=http%3a%2f%2fpubuserqiniu.paperol.cn%2f28164052_100_q11_jaeAw0PdaEiFGyvFzXhQA.jpg%3fattname%3d101_11_F13696AF-2D78-4F8B-8BBC-F0C947E27005.jpeg&activity=28164052', 92, 7, '26~30');
INSERT INTO `login_userinfo` VALUES (455, '孙宗义', '13920735110', '0', '内保局', '李国华', '四支队支队长', '四支队', '每天读书三十分钟。', '〖每天读书三十分钟〗', '13920735110', '一个月一本书。', '学业进修', '男', '与其看手机虚度光阴，不如多读书不负韶华。', '现在大部分人都是手机不离手，忽视了阅读的重要性。我希望能够带动大家一起养成读书的好习惯。', 'https://www.wjx.cn/wjx/viewfile.aspx?path=http%3a%2f%2fpubuserqiniu.paperol.cn%2f28164052_108_q11_vcDt4GYp50SwbObRx2c1NA.jpg%3fattname%3d111_11_mmexport1537259786008.jpg&activity=28164052', 93, 8, '26~30');
INSERT INTO `login_userinfo` VALUES (456, '谢擎艳', '15222000837', '0', '内保局', NULL, NULL, NULL, '每天运动半小时', '〖每天运动半小时〗', '15222000837', '每周1-3次活动', '体能水平', '女', '每天活动半小时，健康工作三十年', '长期电脑作业，视力下降', 'https://www.wjx.cn/wjx/viewfile.aspx?path=http%3a%2f%2fpubuserqiniu.paperol.cn%2f28416712_1_q8_R75TRNrUsUKY6TiIlslwsg.jpg%3fattname%3d1_8_IMG_20180920_124022F.jpg&activity=28416712', 94, 9, '26~30');
INSERT INTO `login_userinfo` VALUES (457, '王妍琦', '15122283338', '0', '内保局', NULL, NULL, NULL, '每周游两次泳', '〖好〗', '15122283338', '平均每周游一到两次泳', '其他方面', '女', '保持身材坚持到底', '保持身材', 'https://www.wjx.cn/wjx/viewfile.aspx?path=http%3a%2f%2fpubuserqiniu.paperol.cn%2f28416712_2_q8_BheS3E1qSU2BfajleKOeZQ.jpg%3fattname%3d3_8_IMG_0887.jpg&activity=28416712', 95, 10, '26~30');
INSERT INTO `login_userinfo` VALUES (458, '刘灵谭', '15822191107', '0', '内保局', NULL, NULL, NULL, '每天背五个韩语单词', '〖每天背五个韩语单词〗', '15822191107', '韩语词汇量较少', '学业进修', '女', '화이팅', '韩语词汇量不够', 'https://www.wjx.cn/wjx/viewfile.aspx?path=http%3a%2f%2fpubuserqiniu.paperol.cn%2f28416712_8_q8_j2NIx2bxdEWzN7kmPxmA.jpg%3fattname%3d8_8_D601BB2E-A9EE-4CE9-8400-8AFFB11FC251.jpeg&activity=28416712', 96, 11, '26~30');
INSERT INTO `login_userinfo` VALUES (459, '王睿', '18202252027', '0', '内保局', NULL, NULL, NULL, '每天跑步5km', '〖每天跑步5km〗', '18202252027', '一般', '体能水平', '男', '我们跑不过时间，只能跑过昨天的自己！', '突破自我，挑战极限', 'https://www.wjx.cn/wjx/viewfile.aspx?path=http%3a%2f%2fpubuserqiniu.paperol.cn%2f28416712_8_q8_urAiKBOncUi5u0mWWMlMWA.jpg%3fattname%3d9_8_2018-02-23%2b182557.jpg&activity=28416712', 97, 12, '26~30');
INSERT INTO `login_userinfo` VALUES (460, '张秋玲', '13662114390', '0', '内保局', NULL, NULL, NULL, '轮式，竖叉，四柱', '〖每周五天瑜伽〗', '13662114390', '每周一到两天', '体能水平', '女', '遇见更好的自己', '锻炼身体，提高身体素质', 'https://www.wjx.cn/wjx/viewfile.aspx?path=http%3a%2f%2fpubuserqiniu.paperol.cn%2f28416712_10_q8_48UwXzCZF0SEpe91W7vQiw.jpg%3fattname%3d10_8_mmexport1524628570447.jpg&activity=28416712', 98, 13, '31~40');
INSERT INTO `login_userinfo` VALUES (461, '王杰', '18622101233', '0', '内保局', NULL, NULL, NULL, '高级', '〖法学书籍〗', '18622101233', '中级', '学业进修', '男', '人总要有梦想，万一哪天实现了呢', '法学专业，想提升法学知识储备', 'https://www.wjx.cn/wjx/viewfile.aspx?path=http%3a%2f%2fpubuserqiniu.paperol.cn%2f28416712_11_q8_b6MWnFXDX02Nbq2t2C92fQ.jpg%3fattname%3d11_8_image.jpg&activity=28416712', 99, 14, '26~30');
INSERT INTO `login_userinfo` VALUES (462, '', '', NULL, NULL, NULL, NULL, NULL, NULL, NULL, NULL, NULL, NULL, '', NULL, NULL, NULL, 0, 0, NULL);
INSERT INTO `login_userinfo` VALUES (463, '董仲梅', '18522109911', '300188', '南开分局', '宋阳', '南开分局团委书记', '向阳路派出所', '理论实战双提升', '〖公安情报理论及信息化实战应用〗', '18522109911', '初级认知', '业务能力', '女', '积跬步至千里', '缺少专业知识的学习和实战业务能力欠缺', 'https://www.wjx.cn/wjx/viewfile.aspx?path=http%3a%2f%2fpubuserqiniu.paperol.cn%2f28164052_7_q11_WviOXc8GmE6tyTBiQIcbg.jpg%3fattname%3d7_11_0DBD3550-D136-4C2F-BD22-83A18969BD00.jpeg&activity=28164052', 100, 1, '18~25');
INSERT INTO `login_userinfo` VALUES (464, '邢建冬', '15620417870', 'nk0174', '南开分局', '张昊', '警长', '万兴派出所', '100天后160', '〖三个月50斤〗', '15620417870', '体重220斤', '体能水平', '男', '男人刘飞对自己狠一点', '一直有这个想法', 'https://www.wjx.cn/wjx/viewfile.aspx?path=http%3a%2f%2fpubuserqiniu.paperol.cn%2f28164052_40_q11_cJxTn0FDEekZgdsFUvRfg.jpg%3fattname%3d41_11_mmexport1531471916152.jpg&activity=28164052', 101, 2, '26~30');
INSERT INTO `login_userinfo` VALUES (465, '赵盛', '18622056603', 'NK0287', '南开分局', '杨建群', '万兴派出所民警', '万兴派出所', '为了事业', '〖考会计师证书〗', '18622056603', '会计员', '学业进修', '男', '(空)', '为了升级', 'https://www.wjx.cn/wjx/viewfile.aspx?path=http%3a%2f%2fpubuserqiniu.paperol.cn%2f28164052_61_q11_wIjMSPvcLUevTdEJpKjiQw.jpg%3fattname%3d62_11_IMG_20180910_184833_mr1536860127326.jpg&activity=28164052', 102, 3, '26~30');
INSERT INTO `login_userinfo` VALUES (466, '高颖淑', '18222027357', '300210', '南开分局', '王士翀', '团支书', '体育中心派出所', '每日用漫画记录民警生活', '〖每日用漫画记录体育中心派出所民警生活〗', '18222027357', '没有记录', '其他方面', '女', '(空)', '想用特殊的方式记录生活，让每一天都是进步的，有意义的。', 'https://www.wjx.cn/wjx/viewfile.aspx?path=http%3a%2f%2fpubuserqiniu.paperol.cn%2f28164052_330_q11_8j0fiQZlQ0q6HYluKqqNYw.jpg%3fattname%3d330_11_IMG20180917212711.jpg&activity=28164052', 103, 4, '18~25');
INSERT INTO `login_userinfo` VALUES (467, '付轩', '15922066604', '300115', '南开分局', '王月', '民警', '华苑派出所', '百日之内提升自己！', '〖每天争取学好并能运用各种新兴研判手段，每天学习一些案件的卷宗 学习一些破案的经验，面对繁杂的基层公安工作，学习、提高处理调解纠纷的丰富自身的业务水平〗', '15922066604', '自己不能独立处理案件，没有清晰的破案思路。自己不能独立处理好一些小纠纷', '业务能力', '男', '加油！骚年。', '作为一名新警，最重要的事情就是提升个人的业务水平 ！年轻就要多干多学多思考！', 'https://www.wjx.cn/wjx/viewfile.aspx?path=http%3a%2f%2fpubuserqiniu.paperol.cn%2f28164052_348_q11_m0PtNPdAN0GnSJ0PR2V1dQ.jpg%3fattname%3d349_11_C4521F58-DB57-4EA2-9738-927118845C88.jpeg&activity=28164052', 104, 5, '18~25');
INSERT INTO `login_userinfo` VALUES (468, '张雪媛', '18622360936', 'nk0037', '南开分局', '孙雯', '民警', '嘉陵道派出所指挥调度室', '使其他同事快速入门', '〖制作一个实用性抢，简单易学的接处警入门手册。并教会所内涉及接警的其他文职同志上手使用。〗', '18622360936', '熟练', '业务能力', '女', '齐心协力，扎实业务基础', '工作业务需要，制作手册后方便同事们随时查询使用。', 'https://www.wjx.cn/wjx/viewfile.aspx?path=http%3a%2f%2fpubuserqiniu.paperol.cn%2f28164052_349_q11_a8cCGQHUN0CtxaHGhDeEw.jpg%3fattname%3d350_11_6D951CF6-4217-4068-BE14-728A76733E54.jpeg&activity=28164052', 105, 6, '26~30');
INSERT INTO `login_userinfo` VALUES (469, '', '', NULL, NULL, NULL, NULL, NULL, NULL, NULL, NULL, NULL, NULL, '', NULL, NULL, NULL, 0, 0, NULL);
INSERT INTO `login_userinfo` VALUES (470, '席新', '15102274128', '150030', '科技信息化处', '李雁', '科信处移动警务科科长', '移动警务科', '每日骑行20公里或暴走8公里，如遇值班无法户外室内跳绳1000个，坚持一百天', '〖每日骑行20公里或暴走8公里或跳绳1000个〗', '15102274128', '不怎么运动', '体能水平', '男', '坚持下去，期待未来不一样的自己', '身体有些发福，为了控制体重', 'https://www.wjx.cn/wjx/viewfile.aspx?path=http%3a%2f%2fpubuserqiniu.paperol.cn%2f28164052_335_q11_a9moVsfPW0eEsM0ZlqFLbw.jpg%3fattname%3d335_11_IMG_20180608_094848.jpg&activity=28164052', 106, 1, '31~40');
INSERT INTO `login_userinfo` VALUES (471, '朱宗坤', '18622778381', '150185', '科技信息化处', '谭文', '政治处副主任', '政治处', '将调研刊登在网上', '〖写作能力〗', '18622778381', '写作能力欠缺', '业务能力', '男', '持之以恒 唯真求实', '完成一遍高质量青年队伍调研', 'https://www.wjx.cn/wjx/viewfile.aspx?path=http%3a%2f%2fpubuserqiniu.paperol.cn%2f28397784_6_q11_IA32uHd6EqsMRP4MkQhPA.jpg%3fattname%3d6_11_6B6FB07B-8E4D-46F8-B0E6-374AB44E0FFC.jpeg&activity=28397784', 107, 2, '26~30');
INSERT INTO `login_userinfo` VALUES (472, '卫炜烨', '13752690673', '150199', '科技信息化处', '赵九思', '副科长', '规划指导科', '73kg', '〖体重-10斤〗', '13752690673', '78kg', '体能水平', '男', '(空)', '保持健康身体状态，更好完成工作', 'https://www.wjx.cn/wjx/viewfile.aspx?path=http%3a%2f%2fpubuserqiniu.paperol.cn%2f28397784_8_q11_D5rOkG8K0aF4FpTKY3VLQ.jpg%3fattname%3d9_11_B80D3049-B07D-4937-A6BF-A3000FB04D0B.jpeg&activity=28397784', 108, 3, '26~30');
INSERT INTO `login_userinfo` VALUES (473, '樊丹丹', '18892285953', '150173', '科技信息化处', '张可新', '科长', '应用服务科', '全面学习政治理论方针政策，习近平系列重要讲话', '〖每天学习一篇政治理论文章〗', '18892285953', '普通水平', '政治素养', '女', '学无止境，百尺竿头！', '提高政治理论水平和素养，做一个政治坚定的人。', 'https://www.wjx.cn/wjx/viewfile.aspx?path=http%3a%2f%2fpubuserqiniu.paperol.cn%2f28397784_6_q11_JwVxotrTXkmpj2mu7EEcsw.jpg%3fattname%3d10_11_IMG_20180918_144457.jpg&activity=28397784', 109, 4, '26~30');
INSERT INTO `login_userinfo` VALUES (474, '党松锋', '13512259793', '150166', '科技信息化处', '刘延峰', '科长', '运行监管科', '自由泳500米', '〖每天游泳500米〗', '13512259793', '自由泳200米', '体能水平', '男', '每天游泳500米，为党奉献50年。', '强身健体，更好的精神面貌投入工作中。', 'https://www.wjx.cn/wjx/viewfile.aspx?path=http%3a%2f%2fpubuserqiniu.paperol.cn%2f28397784_10_q11_VH9cUujTaUaFrsEz00UgwQ.jpg%3fattname%3d12_11_mmexport1537512692131.jpg&activity=28397784', 110, 5, '26~30');
INSERT INTO `login_userinfo` VALUES (475, '郝佳', '18722531823', '150165', '科技信息化处', '刘宇臻', '科技信息化处指挥室民警', '监察室', '每天做30个仰卧起坐', '〖坚持每日体育锻炼〗', '18722531823', '腹部赘肉较多', '体能水平', '女', '实现目标，坚持每一天！', '产后身体恢复不好', 'https://www.wjx.cn/wjx/viewfile.aspx?path=http%3a%2f%2fpubuserqiniu.paperol.cn%2f28397784_13_q11_XYpwC5904kGKQv5U1qyA.jpg%3fattname%3d14_11_19AFE9E4-3734-41ED-96FC-5B924DAD0D56.jpeg&activity=28397784', 111, 6, '26~30');
INSERT INTO `login_userinfo` VALUES (476, '王思璐', '13920009457', '150001', '科技信息化处', '卢明', '副科长', '指挥室', '学会游泳，瘦身8至10斤', '〖学会游泳，瘦身8至10斤〗', '13920009457', '体能较差，有待加强', '体能水平', '女', '(空)', '强身健体', 'https://www.wjx.cn/wjx/viewfile.aspx?path=http%3a%2f%2fpubuserqiniu.paperol.cn%2f28397784_23_q11_EcaDNYL0kGNnPWBw59Tw.jpg%3fattname%3d24_11_FE232804-9705-4462-8D40-A9E8E49329A7.jpeg&activity=28397784', 112, 7, '26~30');
INSERT INTO `login_userinfo` VALUES (477, '季雅慧', '15022001002', '150007', '科技信息化处', '邹凯', '科长', '通信保障处通信科', '在工作以外时间内，规律作息时间，做到10点前睡觉，强健身体，降低血压，规律生活', '〖每天22点前休息〗', '15022001002', '因工作性质的特殊性，作息不规律，身体出现明显亚健康的反应 当前水平：晚上11：30之后才上床睡觉，偶有失眠情况', '健康生活', '女', '健康生活，从我做起！', '因工作性质的特殊性，作息不规律，身体出现明显亚健康的反应', 'https://www.wjx.cn/wjx/viewfile.aspx?path=http%3a%2f%2fpubuserqiniu.paperol.cn%2f28397784_23_q11_SWvElU2F0i1PfW1DKqxOA.jpg%3fattname%3d25_11_B0667AC6-A4DC-4B24-9CD4-78D369A11226.jpeg&activity=28397784', 113, 8, '31~40');
INSERT INTO `login_userinfo` VALUES (478, '柳倩', '13821338815', '150029', '科技信息化处', '许浩', '科员', '联合作战指挥系统保障科', '放下手机养成阅读习惯', '〖每日读书一小时〗', '13821338815', '读书时间几乎为零', '健康生活', '女', '挑战自我', '手机依赖过度，阅读量少', 'https://www.wjx.cn/wjx/viewfile.aspx?path=http%3a%2f%2fpubuserqiniu.paperol.cn%2f28397784_23_q11_hiHshC1PQEqD2EePJXw.jpg%3fattname%3d27_11_mmexport1525786231663.jpg&activity=28397784', 114, 9, '31~40');
INSERT INTO `login_userinfo` VALUES (479, '崔怀壮', '13602100223', '150183', '科技信息化处', '郑文', '科长', '五科', '通过考试', '〖通过软考〗', '13602100223', '未通过', '学业进修', '男', '(空)', '在实际工作中对于项目管理相关方面的内容了解不够全面，想要系统学习项目管理的知识', 'https://www.wjx.cn/wjx/viewfile.aspx?path=http%3a%2f%2fpubuserqiniu.paperol.cn%2f28397784_30_q11_WcldOvY3a0LEHZoaqCwcw.jpg%3fattname%3d36_11_072FF830-2331-4DE5-9B5C-CAF5BCC84ED8.jpeg&activity=28397784', 115, 10, '18~25');
INSERT INTO `login_userinfo` VALUES (480, '', '', NULL, NULL, NULL, NULL, NULL, NULL, NULL, NULL, NULL, NULL, '', NULL, NULL, NULL, 0, 0, NULL);
INSERT INTO `login_userinfo` VALUES (481, '魏征', '13820007846', '450697', '静海分局', '曾浩', '科员', '打击犯罪侦查支队四大队', '优秀', '〖整治理论学习〗', '13820007846', '良好', '政治素养', '男', '百日挑战自我，自我增强素养', '政治素养不足', 'https://www.wjx.cn/wjx/viewfile.aspx?path=http%3a%2f%2fpubuserqiniu.paperol.cn%2f28397784_80_q11_TvG2OlnQ0i7JUSwFwdxSQ.jpg%3fattname%3d80_11_IMG_20170324_165428.jpg&activity=28397784', 116, 1, '31~40');
INSERT INTO `login_userinfo` VALUES (482, '孙坤', '15122952357', 'F00051', '静海分局', '魏征', '民警', '打击犯罪侦查支队四大队', '减肥', '〖每天跑步，73，70〗', '15122952357', '还行', '体能水平', '男', '(空)', '减肥', 'https://www.wjx.cn/wjx/viewfile.aspx?path=http%3a%2f%2fpubuserqiniu.paperol.cn%2f28397784_80_q11_EwRCB9sOqUGnTn7WUrPkxg.jpg%3fattname%3d81_11_71940d9e52009885.jpg&activity=28397784', 117, 2, '18~25');
INSERT INTO `login_userinfo` VALUES (483, '高磊', '15822881083', '450739', '静海分局', '张兆胜', '民警', '打击犯罪侦查支队四大队', '改掉睡前玩手机的习惯', '〖杜绝睡前玩手机的坏习惯〗', '15822881083', '睡前习惯玩手机', '健康生活', '男', '(空)', '改变现有生活状态', 'https://www.wjx.cn/wjx/viewfile.aspx?path=http%3a%2f%2fpubuserqiniu.paperol.cn%2f28397784_82_q11_4A5EqcodkGASUfoWJVqRw.jpg%3fattname%3d83_11_%25e5%25af%25b8%25e7%2585%25a71.jpg&activity=28397784', 118, 3, '26~30');
INSERT INTO `login_userinfo` VALUES (484, '', '', NULL, NULL, NULL, NULL, NULL, NULL, NULL, NULL, NULL, NULL, '', NULL, NULL, NULL, 0, 0, NULL);
INSERT INTO `login_userinfo` VALUES (485, '刘绍偈', '15022503922', '160256', '经侦总队', '张鹏', '副支队长', '八支队', '每天20分钟，争取百日后体脂能降到13%以下', '〖每天跑步20分钟〗', '15022503922', '22%体脂', '体能水平', '男', '坚决捍卫医保账户余额！', '近期加班造成身体健康水平下降，白发显著，增多急需坚持锻炼', 'https://www.wjx.cn/wjx/viewfile.aspx?path=http%3a%2f%2fpubuserqiniu.paperol.cn%2f28164052_43_q11_wi9kb9knVUe2QLO4z2rzVQ.jpg%3fattname%3d54_11_wx_camera_1536140174159.jpg&activity=28164052', 119, 1, '26~30');
INSERT INTO `login_userinfo` VALUES (486, '马瑞迎', '17702270627', '160244', '经侦总队', '王琦', '八支队科员', '八支队', '基础代谢1600+', '〖每天去健身房锻炼一小时以上〗', '17702270627', '基础代谢1523', '体能水平', '女', '(空)', '体能及身体素质下降', 'https://www.wjx.cn/wjx/viewfile.aspx?path=http%3a%2f%2fpubuserqiniu.paperol.cn%2f28164052_60_q11_xZckN2stGUDbIgGTu878A.jpg%3fattname%3d64_11_mmexport1478594056933.jpg&activity=28164052', 120, 2, '18~25');
INSERT INTO `login_userinfo` VALUES (487, '王进', '15822081159', '160242', '经侦总队', '房菲', '民警', '一支队', '减肥10公斤', '〖每天跑步五公里〗', '15822081159', '78公斤', '体能水平', '男', '千里之行始于足下', '锻炼身体增强体质', 'https://www.wjx.cn/wjx/viewfile.aspx?path=http%3a%2f%2fpubuserqiniu.paperol.cn%2f28164052_69_q11_YxlDBSyCrUmNBMsiq9JkQ.jpg%3fattname%3d71_11_IMG_20161112_183427.jpg&activity=28164052', 121, 3, '31~40');
INSERT INTO `login_userinfo` VALUES (488, '樊鸿博', '18722192936', '160254', '经侦总队', '王进', '探长', '一支队', '100个', '〖每天100俯卧撑〗', '18722192936', '15个', '体能水平', '男', '每日多做3个', '增强身体素质', 'https://www.wjx.cn/wjx/viewfile.aspx?path=http%3a%2f%2fpubuserqiniu.paperol.cn%2f28164052_62_q11_6X9DPClXrkurHC1qCZPOxA.jpg%3fattname%3d72_11_55B9C9B7-3F30-42B3-96C4-3099EC1D5DE4.jpeg&activity=28164052', 122, 4, '26~30');
INSERT INTO `login_userinfo` VALUES (489, '杨晓光', '18322039366', '160193', '经侦总队', '孙连望', '指挥室副主任', '指挥室', '每天1小时', '〖每天阅读1小时〗', '18322039366', '有空才看', '学业进修', '男', '100小时对于阅读来说可能不多，却可以是一个很好的开始', '书是人类进步的阶梯', 'https://www.wjx.cn/wjx/viewfile.aspx?path=http%3a%2f%2fpubuserqiniu.paperol.cn%2f28164052_74_q11_cuRwMAVnfESxIqnfGmo0vw.jpg%3fattname%3d74_11_IMG_20180918_155100.jpg&activity=28164052', 123, 5, '18~25');
INSERT INTO `login_userinfo` VALUES (490, '房菲', '15510831629', '160247', '经侦总队', '杨立业', '总队团委书记', '政治处', '增强身体素质', '〖坚持体育锻炼，每周打篮球一次〗', '15510831629', '初学者', '体能水平', '男', '(空)', '业余爱好', 'https://www.wjx.cn/wjx/viewfile.aspx?path=http%3a%2f%2fpubuserqiniu.paperol.cn%2f28164052_116_q11_5CFiXm9ukW7G2fdhDkjEQ.jpg%3fattname%3d118_11_IMG_20171201_091954.jpg&activity=28164052', 124, 6, '31~40');
INSERT INTO `login_userinfo` VALUES (491, '赵晨龙', '15222749362', '160068', '经侦总队', '王浩', '探长', '四支队', '背诵党章', '〖背诵党章〗', '15222749362', '熟读党章', '政治素养', '男', '努力做到最好', '提高政治素养', 'https://www.wjx.cn/wjx/viewfile.aspx?path=http%3a%2f%2fpubuserqiniu.paperol.cn%2f28164052_141_q11_Vmek0qEZQEKYIz7DYY0fOw.jpg%3fattname%3d143_11_AC7EFCEC-C651-42E2-8D61-9E361D801E9A.jpeg&activity=28164052', 125, 7, '31~40');
INSERT INTO `login_userinfo` VALUES (492, '黄业伟', '18622672854', '160128', '经侦总队', '洪柳', '支队长', '七支队', '每天3公里', '〖每天跑步3公里〗', '18622672854', '每天2公里', '体能水平', '男', '(空)', '锻炼身体', 'https://www.wjx.cn/wjx/viewfile.aspx?path=http%3a%2f%2fpubuserqiniu.paperol.cn%2f28164052_175_q11_Ghthsv047kqfpHawAfZ1sw.jpg%3fattname%3d184_11_41355742-38F7-4490-8D9F-46909B9F698B.jpeg&activity=28164052', 126, 8, '18~25');
INSERT INTO `login_userinfo` VALUES (493, '邵文萧', '15102296485', '160238', '经侦总队', '黄唯轩', '民警', '监察室', '两周读一本书', '〖每天阅读30分钟〗', '15102296485', '阅读量不够', '学业进修', '女', '(空)', '提升自我', 'https://www.wjx.cn/wjx/viewfile.aspx?path=http%3a%2f%2fpubuserqiniu.paperol.cn%2f28164052_333_q11_PMCO5im5EWcpzbAeQiEQ.jpg%3fattname%3d333_11_26388F0C-D459-4850-A834-37000784E1DF.jpeg&activity=28164052', 127, 9, '31~40');
INSERT INTO `login_userinfo` VALUES (494, '耿元杰', '15122971887', '160027', '经侦总队', '邵文萧', '经侦总队监察室民警', '监察室', '二十个', '〖做二十个引体向上〗', '15122971887', '五个', '体能水平', '男', '(空)', '强身健体', 'https://www.wjx.cn/wjx/viewfile.aspx?path=http%3a%2f%2fpubuserqiniu.paperol.cn%2f28164052_334_q11_JOQWWu1lQEGLa3fXp9DIBQ.jpg%3fattname%3d334_11_IMG_20180919_194830.jpg&activity=28164052', 128, 10, '31~40');
INSERT INTO `login_userinfo` VALUES (495, '', '', NULL, NULL, NULL, NULL, NULL, NULL, NULL, NULL, NULL, NULL, '', NULL, NULL, NULL, 0, 0, NULL);
INSERT INTO `login_userinfo` VALUES (496, '朱雪娅', '15122989355', '570124', '禁毒总队', '郭海涛', '指挥室副主任', '政治处', '同传水平', '〖每天学习专业课1个小时〗', '15122989355', '基本口语', '学业进修', '女', '不在沉默中灭亡，就在沉默中爆发。', '大学专业为小语种缅甸语，进入单位工作后，使用频率不太高，所以很多专业词汇等已经快忘记了。现在想借助津卫青年这个活动，监督自己学习，重新拾起我的专业，好好学习，天天向上。', 'https://www.wjx.cn/wjx/viewfile.aspx?path=http%3a%2f%2fpubuserqiniu.paperol.cn%2f28397784_23_q11_FpSIN14iNEmQESBrdrknA.jpg%3fattname%3d23_11_hdImg_6ba82702c5646f62d565c4702696f8681533054404617.jpg&activity=28397784', 129, 1, '26~30');
INSERT INTO `login_userinfo` VALUES (497, '刘清华', '13512872700', '570125', '禁毒总队', '朱雪娅', '政治处民警', '六支队', '100', '〖完成100公里〗', '13512872700', '月跑50', '体能水平', '男', '(空)', '工作忙，值班勤', 'https://www.wjx.cn/wjx/viewfile.aspx?path=http%3a%2f%2fpubuserqiniu.paperol.cn%2f28397784_31_q11_rnQjv4UjrEsappqJWn0kw.jpg%3fattname%3d33_11_4B54834D-0BC9-4968-AACD-02542E973C50.jpeg&activity=28397784', 130, 2, '26~30');
INSERT INTO `login_userinfo` VALUES (498, '刘明晋', '13312032663', '570073', '禁毒总队', '朱雪娅', '政治处科员', '政治处', '80kg', '〖每日一万步〗', '13312032663', '85kg', '健康生活', '男', '(空)', '减肥', 'https://www.wjx.cn/wjx/viewfile.aspx?path=http%3a%2f%2fpubuserqiniu.paperol.cn%2f28397784_33_q11_dkXa7gSPL0iwhEgzFcgdQ.jpg%3fattname%3d37_11_wx_camera_1505184738780.jpg&activity=28397784', 131, 3, '18~25');
INSERT INTO `login_userinfo` VALUES (499, '赵爽', '13821618216', '570016', '禁毒总队', '朱雪娅', '科员', '政治处', '中级', '〖每天练习瑜伽〗', '13821618216', '初级', '健康生活', '女', '(空)', '提高身体素质水平', 'https://www.wjx.cn/wjx/viewfile.aspx?path=http%3a%2f%2fpubuserqiniu.paperol.cn%2f28397784_35_q11_U481aAaFQEaJkFZGasPsRQ.jpg%3fattname%3d38_11_IMG_20180302_181521_mr1537515864277.jpg&activity=28397784', 132, 4, '31~40');
INSERT INTO `login_userinfo` VALUES (500, '葛晨', '18222591070', '570109', '禁毒总队', '朱雪娅', '科员', '政治处', '能画静物彩铅画', '〖每天画画〗', '18222591070', '零基础', '其他方面', '女', '描绘七彩人生', '陶冶情操', 'https://www.wjx.cn/wjx/viewfile.aspx?path=http%3a%2f%2fpubuserqiniu.paperol.cn%2f28397784_30_q11_KPRm7hQXTE2DRDv4VXMUA.jpg%3fattname%3d39_11_1438168870_jpg_800_600_87991.jpg&activity=28397784', 133, 5, '26~30');
INSERT INTO `login_userinfo` VALUES (501, '初婷婷', '18222112536', '570091', '禁毒总队', '李沁轩', '指挥室副主任', '指挥室', '365天', '〖坚持素食〗', '18222112536', '已坚持40天', '健康生活', '女', '(空)', '肠胃不好', 'https://www.wjx.cn/wjx/viewfile.aspx?path=http%3a%2f%2fpubuserqiniu.paperol.cn%2f28397784_46_q11_pvp9bO6CZUGu4vM4d5yEA.jpg%3fattname%3d48_11_IMG_0444.jpg&activity=28397784', 134, 6, '31~40');
INSERT INTO `login_userinfo` VALUES (502, '姜凯', '18202220366', '570092', '禁毒总队', '李沁轩', '副主任', '指挥室', '78KG', '〖坚持健身〗', '18202220366', '90KG', '健康生活', '男', '不看过程，看结果', '健康身体', 'https://www.wjx.cn/wjx/viewfile.aspx?path=http%3a%2f%2fpubuserqiniu.paperol.cn%2f28397784_46_q11_vjDylgJ9060g7eeWwdrw.jpg%3fattname%3d49_11_IMG_20180921_160553.jpg&activity=28397784', 135, 7, '26~30');
INSERT INTO `login_userinfo` VALUES (503, '杨洋', '13752657422', '570011', '禁毒总队', '郭海涛', '政治处主任', '预防教育', '百分之19体脂', '〖增肌减脂 每周四次健身〗', '13752657422', '体质偏高', '体能水平', '男', '(空)', '爱好', 'https://www.wjx.cn/wjx/viewfile.aspx?path=http%3a%2f%2fpubuserqiniu.paperol.cn%2f28397784_52_q11_P6B0WaqcXEKe0tn4HAWmg.jpg%3fattname%3d52_11_86CF8775-74BB-4831-B26F-94972F1571BE.jpeg&activity=28397784', 136, 8, '18~25');
INSERT INTO `login_userinfo` VALUES (504, '李沁轩', '18522858060', '570035', '禁毒总队', '姜凯', '民警', '指挥室', '每日24点前入睡', '〖每日早睡〗', '18522858060', '每日24点到凌晨1点入睡', '健康生活', '男', '健康睡眠，健康生活', '家族负担重、拖延症', 'https://www.wjx.cn/wjx/viewfile.aspx?path=http%3a%2f%2fpubuserqiniu.paperol.cn%2f28397784_48_q11_b08G4GZutUi0pV2snT68lg.jpg%3fattname%3d54_11_IMG2018052816305_2839834.jpg&activity=28397784', 137, 9, '31~40');
INSERT INTO `login_userinfo` VALUES (505, '', '', NULL, NULL, NULL, NULL, NULL, NULL, NULL, NULL, NULL, NULL, '', NULL, NULL, NULL, 0, 0, NULL);
INSERT INTO `login_userinfo` VALUES (506, '于君', '13512499292', '390758', '津南分局', '李志洪', '队长', '打击犯罪侦查支队四大队', '每天跑步5公里', '〖每天跑步5公里〗', '13512499292', '每天跑步2公里', '体能水平', '女', '我爱公安我要瘦 我是警花我能行', '锻炼身体 更好的工作', 'https://www.wjx.cn/wjx/viewfile.aspx?path=http%3a%2f%2fpubuserqiniu.paperol.cn%2f28164052_16_q11_iLf9wY0hg068hMYWK1Wxw.jpg%3fattname%3d16_11_IMG_0383.jpg&activity=28164052', 138, 1, '31~40');
INSERT INTO `login_userinfo` VALUES (507, '王丽', '15022757966', '390911', '津南分局', '阎新智', '内勤警长', '辛庄派出所', '顺利通过涉外警务培训资格考试', '〖每天背诵单词10个〗', '15022757966', '英语六级', '学业进修', '女', 'The journey of a thousand miles begins with one step.', '突破自我', 'https://www.wjx.cn/wjx/viewfile.aspx?path=http%3a%2f%2fpubuserqiniu.paperol.cn%2f28164052_32_q11_4c8N3dklH0OhTN1B0Tbs0w.jpg%3fattname%3d32_11_EA2EDDA2-0D22-4C43-9D80-3E5D720CAEF8.jpeg&activity=28164052', 139, 2, '26~30');
INSERT INTO `login_userinfo` VALUES (508, '刘香婷', '13920937604', '39W384', '津南分局', '阎新智', '科员', '辛庄派出所', '98', '〖瘦10斤〗', '13920937604', '108', '体能水平', '女', '对自己严格要求，突破自我', '对自己身材不满意', 'https://www.wjx.cn/wjx/viewfile.aspx?path=http%3a%2f%2fpubuserqiniu.paperol.cn%2f28164052_37_q11_xxaXt16TLUGustGx2UdZyA.jpg%3fattname%3d37_11_IMG_20180914_114507.jpg&activity=28164052', 140, 3, '26~30');
INSERT INTO `login_userinfo` VALUES (509, '商博', '18222611125', '390064', '津南分局', '陶伟', '文职', '津沽路派出所', '170斤', '〖100天减10斤〗', '18222611125', '180斤', '体能水平', '男', '(空)', '体检显示为中度脂肪肝', 'https://www.wjx.cn/wjx/viewfile.aspx?path=http%3a%2f%2fpubuserqiniu.paperol.cn%2f28164052_74_q11_itbfonSfke4JuiWP50QaA.jpg%3fattname%3d80_11_IMG_20180918_155845.jpg&activity=28164052', 141, 4, '26~30');
INSERT INTO `login_userinfo` VALUES (510, '孙宇', '15602048872', '391071', '津南分局', '宁培新', '副所长', '津沽路派出所', '考研英语单词储备量', '〖每日背五个英文单词〗', '15602048872', '大学英语', '学业进修', '男', '我挑战，我快乐！', '自己单词储备量较少', 'https://www.wjx.cn/wjx/viewfile.aspx?path=http%3a%2f%2fpubuserqiniu.paperol.cn%2f28164052_87_q11_VrANH4PeEOIi5DibD3ARw.jpg%3fattname%3d87_11_F3B26840-9CD9-49D4-955A-6AC748845705.jpeg&activity=28164052', 142, 5, '18~25');
INSERT INTO `login_userinfo` VALUES (511, '李婷宁', '13702024213', '390653', '津南分局', '孙海岩', '教导员', '网安支队', '每日规律作息，禁烟禁酒，每周最少参加一次体育活动', '〖每日规律作息，禁烟禁酒，每周最少参加一次体育活动〗', '13702024213', '患有三高，长期吃药', '健康生活', '男', '(空)', '多年的派出所工作造成身体欠佳', 'https://www.wjx.cn/wjx/viewfile.aspx?path=http%3a%2f%2fpubuserqiniu.paperol.cn%2f28164052_162_q11_16BIcZH1oUWl2z2LUalugw.jpg%3fattname%3d163_11_IMG20180919093825.jpg&activity=28164052', 143, 6, '31~40');
INSERT INTO `login_userinfo` VALUES (512, '宁润浩', '15900307612', '39w095', '津南分局', '孙海岩', '教导员', '网安支队', '一千米跑进五分三十秒', '〖一千米跑进五分三十秒〗', '15900307612', '一千米测试成绩7分钟', '体能水平', '男', '(空)', '长期办公室工作，体力不支', 'https://www.wjx.cn/wjx/viewfile.aspx?path=http%3a%2f%2fpubuserqiniu.paperol.cn%2f28164052_166_q11_RR61vgygkOq3RFnGRMWA.jpg%3fattname%3d166_11_IMG20180919094543.jpg&activity=28164052', 144, 7, '26~30');
INSERT INTO `login_userinfo` VALUES (513, '杨洋', '13920206366', '390877', '津南分局', '张金璐', '民警', '南洋派出所', '75kg', '〖减重10斤〗', '13920206366', '81kg', '健康生活', '男', '我要甩掉双下巴，不做油腻大叔', '不健康的饮食习惯导致体重过重，甘油三酯偏高，中度脂肪肝', 'https://www.wjx.cn/wjx/viewfile.aspx?path=http%3a%2f%2fpubuserqiniu.paperol.cn%2f28164052_168_q11_r5MaD9NyCE2GhUGbrGqqvg.jpg%3fattname%3d177_11_IMG_20180919_095755.jpg&activity=28164052', 145, 8, '31~40');
INSERT INTO `login_userinfo` VALUES (514, '赵冬翔', '15122393250', '39W451', '津南分局', '张卿', '文职', '南洋派出所', '一个月之后戒烟', '〖戒烟〗', '15122393250', '每天仍频繁吸烟', '健康生活', '男', '吸烟有害健康', '身体亚健康', 'https://www.wjx.cn/wjx/viewfile.aspx?path=http%3a%2f%2fpubuserqiniu.paperol.cn%2f28164052_173_q11_Rt2Y14OxREGoZEGixGCfKg.jpg%3fattname%3d178_11_7A5C0869-2261-4D95-BAC3-F3AB38FA9733.jpeg&activity=28164052', 146, 9, '26~30');
INSERT INTO `login_userinfo` VALUES (515, '刘德发', '13110039688', '39w254', '津南分局', '王建民', '政委', '新家园派出所', '争取35分钟跑完5公里', '〖每周三次5公里〗', '13110039688', '5公里用时50分钟', '健康生活', '男', '超越自我', '强化身体素质', 'https://www.wjx.cn/wjx/viewfile.aspx?path=http%3a%2f%2fpubuserqiniu.paperol.cn%2f28164052_203_q11_R9wMBXrEB0fxCUlCUTLZg.jpg%3fattname%3d208_11_image.jpg&activity=28164052', 147, 10, '26~30');
INSERT INTO `login_userinfo` VALUES (516, '闫荣振', '18322338782', '390963', '津南分局', '林中楠', '民警', '葛沽派出所', '进一步提高', '〖公安业务知识〗', '18322338782', '有待提高', '业务能力', '男', '争先是我们的习惯，突破是我们的态度', '百日争先，突破自我', 'https://www.wjx.cn/wjx/viewfile.aspx?path=http%3a%2f%2fpubuserqiniu.paperol.cn%2f28164052_209_q11_NLIimeETnEeDNLF0NXLU1Q.jpg%3fattname%3d210_11_image.jpg&activity=28164052', 148, 11, '26~30');
INSERT INTO `login_userinfo` VALUES (517, '范泽宇', '16600230526', '391074', '津南分局', '刘露', '民警', '双港派出所', '每日三公里', '〖每天三公里〗', '16600230526', '不怎么跑步', '体能水平', '男', '燃烧我的卡路里', '缺乏锻炼，增强体质', 'https://www.wjx.cn/wjx/viewfile.aspx?path=http%3a%2f%2fpubuserqiniu.paperol.cn%2f28164052_209_q11_VfPjW5OIQUOpYmbZSCLQg.jpg%3fattname%3d211_11_0EBD2AE1-DE16-4231-971C-9FF30D8E7FFA.jpeg&activity=28164052', 149, 12, '18~25');
INSERT INTO `login_userinfo` VALUES (518, '徐倩倩', '15900214816', '390986', '津南分局', '范正宝', '教导员', '中铁派出所', '熟背唐诗三百首', '〖背诵唐诗三百首〗', '15900214816', '九年义务教育水平', '学业进修', '女', '仰天大笑出门去，我辈岂是蓬蒿人。', '热爱唐诗', 'https://www.wjx.cn/wjx/viewfile.aspx?path=http%3a%2f%2fpubuserqiniu.paperol.cn%2f28164052_166_q11_D5ARpTw6R0u63yYNJI4iw.png%3fattname%3d213_11_393E3E90-60FC-4B53-BFA9-243382476A87.png&activity=28164052', 150, 13, '26~30');
INSERT INTO `login_userinfo` VALUES (519, '李保良', '18722369473', '390980', '津南分局', '王建民', '新家园派出所政委', '新家园派出所', '引体向上12个以上，有明显的肌肉线条', '〖身体瘦弱，引体向上2个〗', '18722369473', '身体瘦弱', '体能水平', '男', '提高警容风貌，增强身体素质', '提高警荣风貌，增强身体素质', 'https://www.wjx.cn/wjx/viewfile.aspx?path=http%3a%2f%2fpubuserqiniu.paperol.cn%2f28164052_230_q11_3ahhFWV69k6xOrsYT9tjjA.jpg%3fattname%3d234_11_IMG_6247.jpg&activity=28164052', 151, 14, '26~30');
INSERT INTO `login_userinfo` VALUES (520, '徐明月', '13512259382', '39W114', '津南分局', '孙国义', '民警', '小站派出所', '更进一步，朝专业水平迈进', '〖每周为身边的公安民警拍一组照片，出一本公安影集〗', '13512259382', '业余水平', '学业进修', '女', '一分耕耘，一分收获；一艺之成，当尽全身之力！', '从小喜爱摄影，加入公安工作后希望为身边的公安民警纪录下工作的点点滴滴，弘扬社会正能量！', 'https://www.wjx.cn/wjx/viewfile.aspx?path=http%3a%2f%2fpubuserqiniu.paperol.cn%2f28164052_295_q11_rHM7ypLiDEScasRUgYchvg.jpg%3fattname%3d296_11_image.jpg&activity=28164052', 152, 15, '26~30');
INSERT INTO `login_userinfo` VALUES (521, '戴新昱', '15022737817', '391019', '津南分局', '于君', '副队长', '打击犯罪侦查支队四大队', '学习掌握现场勘查、生物物证提取及检验鉴定等相关技术。', '〖学习掌握现场勘查、生物物证提取及检验鉴定等相关技术。〗', '15022737817', '能够简单了解现场勘查、物证提取等相关流程，但并不精通。', '业务能力', '女', '敢于挑战未知，勇于突破自我！', '本人法医物证专业研究生毕业，参加公安工作的两年时间里一直在基层派出所从事文书内勤工作，近期调入分局技术队，但由于两年间工作性质的关系，导致所学的专业技能有所生疏，因此想通过此次活动突破自我，学习现场勘查技术，并重新熟悉相关技术方法，争取在新的工作岗位上有所提升和突破。', 'https://www.wjx.cn/wjx/viewfile.aspx?path=http%3a%2f%2fpubuserqiniu.paperol.cn%2f28164052_299_q11_HkPX60DGkUfFtOZpxIIQ.jpg%3fattname%3d301_11_4F05B5EA-9085-45A7-AAF2-2BBEEDA911D0.jpeg&activity=28164052', 153, 16, '26~30');
INSERT INTO `login_userinfo` VALUES (522, '殷昌鑫', '15922122023', '33W353', '津南分局', '周媛媛', '民警', '葛沽派出所', '坚持用照片和摄像记录派出所工作日常，100天后能汇集成册', '〖每天用照片、影像记录派出所工作日常〗', '15922122023', '很喜欢拍照和摄像，但是在取景构思主题表现等方面的水平还有很多不足', '其他方面', '女', '(空)', '喜欢用相机记录生活，一直也想记录一下派出所的工作日常，但是由于每天工作繁杂，没能很好坚持，所以想以此次活动为契机，挑战一下，也能锻炼自己的摄影水平！', 'https://www.wjx.cn/wjx/viewfile.aspx?path=http%3a%2f%2fpubuserqiniu.paperol.cn%2f28164052_298_q11_IYcwtDCe4ESLFz7Wx34ZmQ.jpg%3fattname%3d303_11_IMG_20180825_160039_mh1535590259300.jpg&activity=28164052', 154, 17, '26~30');
INSERT INTO `login_userinfo` VALUES (523, '赵经才', '18822280979', '390997', '津南分局', '王君亦', '民警', '督察室', '10名公安青年学唱会5首红歌', '〖聚集10位公安青年学唱会五首红歌〗', '18822280979', '一个人唱', '其他方面', '男', '我们是新时代“红色基因”', '传播公安青春正能量', 'https://www.wjx.cn/wjx/viewfile.aspx?path=http%3a%2f%2fpubuserqiniu.paperol.cn%2f28164052_311_q11_X5k6XG2Y0yJNqBOVlvRg.jpg%3fattname%3d319_11_5C907B64-A771-449A-93CF-D8EFA3B4AE00.jpeg&activity=28164052', 155, 18, '26~30');
INSERT INTO `login_userinfo` VALUES (524, '', '', NULL, NULL, NULL, NULL, NULL, NULL, NULL, NULL, NULL, NULL, '', NULL, NULL, NULL, 0, 0, NULL);
INSERT INTO `login_userinfo` VALUES (525, '丁月雪', '13370490600', 'JT0102', '交 管 局', '陈国立', '秩序科科长', '天津公安交通管理局交警北辰支队秩序科', '全面掌握交通违法窗口，群众接待解释工作', '〖坚持业务知识学习〗', '13370490600', '只掌握电子警察上传标准', '业务能力', '男', '微笑服务群众', '熟悉业务知识，为做好群众解释工作', 'https://www.wjx.cn/wjx/viewfile.aspx?path=http%3a%2f%2fpubuserqiniu.paperol.cn%2f28164052_81_q11_dzPR9Lb5MkC0cf3oHhs2EA.jpg%3fattname%3d94_11_IMG_20180918_161228.jpg&activity=28164052', 156, 1, '26~30');
INSERT INTO `login_userinfo` VALUES (526, '信哲', '15822986704', 'jt0164', '交 管 局', '陈再生', '事故处理民警', '北辰支队事故处理大队', '国家二级运动员', '〖每天跑步一公里〗', '15822986704', '一般水平', '体能水平', '男', '(空)', '身体素质差', 'https://www.wjx.cn/wjx/viewfile.aspx?path=http%3a%2f%2fpubuserqiniu.paperol.cn%2f28164052_130_q11_zcq02mmxUmagaKCcMGtIg.jpg%3fattname%3d130_11_img-774f1bb17e9470533b1ad6c93743c9e9.jpg&activity=28164052', 157, 2, '31~40');
INSERT INTO `login_userinfo` VALUES (527, '赵泽义', '13116079011', '195465', '交 管 局', '周茂源', '现勤警长', '北辰支队西堤头大队', '力争将我所在的杨北津榆示范岗让全市都知道。', '〖治理违法车辆，保证管界内秩序畅通，无堵点。〗', '13116079011', '作为杨北津榆路口示范岗成员之一，在岗区内保证岗区良好，发现违章立即纠正，无堵点。', '业务能力', '男', '立足本职，兢兢业业。道路畅通，人民满意。', '做为一名基层的交通警察，路面畅通就是我的目标，看着广大司机朋友们能够安全按时抵达目的地，就是对我最大的安慰，苦点累点不算什么，只要人民群众露出满意的笑容，我就欣慰了。', 'https://www.wjx.cn/wjx/viewfile.aspx?path=http%3a%2f%2fpubuserqiniu.paperol.cn%2f28164052_154_q11_niqK9gfPUkiwz07PrtDdw.jpg%3fattname%3d154_11_IMG_20180919_081521.jpg&activity=28164052', 158, 3, '26~30');
INSERT INTO `login_userinfo` VALUES (528, '高文莎', '15122548421', '195423', '交 管 局', '咸瑞恒', '大队长', '直属支队', '10000', '〖每天1万步〗', '15122548421', '一般', '体能水平', '女', '(空)', '兴趣爱好', 'https://www.wjx.cn/wjx/viewfile.aspx?path=http%3a%2f%2fpubuserqiniu.paperol.cn%2f28164052_165_q11_m4ZYRPyRrUKUSqHTOlCf6g.jpg%3fattname%3d165_11_5D4D2417-BBF4-4D86-880A-7027EBBB14C8.jpeg&activity=28164052', 159, 4, '31~40');
INSERT INTO `login_userinfo` VALUES (529, '刘振东', '13702086028', '194599', '交 管 局', '马永祥', '副主任科员', '直属支队特勤二大队', '高级', '〖交通疏导 车辆排放〗', '13702086028', '中级', '业务能力', '男', '(空)', '增强业务水平', 'https://www.wjx.cn/wjx/viewfile.aspx?path=http%3a%2f%2fpubuserqiniu.paperol.cn%2f28164052_173_q11_R9rniZqYOUyfQIjY8PAblw.jpg%3fattname%3d179_11_A75614F7-2BEF-450B-B0C7-4A3CAE15D6B0.jpeg&activity=28164052', 160, 5, '31~40');
INSERT INTO `login_userinfo` VALUES (530, '李智彬', '13011331166', '194559', '交 管 局', '黄喆', '民警', '直属支队特勤二大队', '10000步', '〖每天走步一万步〗', '13011331166', '5000步', '体能水平', '男', '贵在坚持', '每天运动量太小', 'https://www.wjx.cn/wjx/viewfile.aspx?path=http%3a%2f%2fpubuserqiniu.paperol.cn%2f28164052_167_q11_dIMsgs1eAEqgRSW9PbHHxA.jpg%3fattname%3d183_11_image.jpg&activity=28164052', 161, 6, '31~40');
INSERT INTO `login_userinfo` VALUES (531, '魏易铭', '13920554017', '195122', '交 管 局', '司徒佳铭', '政干辅警', '和平支队', '符合基本要求', '〖制定生活计划〗', '13920554017', '低', '健康生活', '男', '成为一个有好生活习惯的人', '生活习惯需要调整', 'https://www.wjx.cn/wjx/viewfile.aspx?path=http%3a%2f%2fpubuserqiniu.paperol.cn%2f28164052_178_q11_oE4CJpT6ykCGqXzXf8iU9A.jpg%3fattname%3d186_11_IMG_20180810_195417.jpg&activity=28164052', 162, 7, '26~30');
INSERT INTO `login_userinfo` VALUES (532, '李喆', '13821412360', 'XQ0240', '交 管 局', '张同超', '民警', '天津市交管局西青支队张家窝大队高新区交通管理办公室', '优秀', '〖业务技能知识〗', '13821412360', '普通', '业务能力', '男', '加油', '增强自身业务能力', 'https://www.wjx.cn/wjx/viewfile.aspx?path=http%3a%2f%2fpubuserqiniu.paperol.cn%2f28164052_214_q11_TT46FysZDkWupKppxuB5LA.jpg%3fattname%3d218_11_mmexport1533267352892.jpg&activity=28164052', 163, 8, '31~40');
INSERT INTO `login_userinfo` VALUES (533, '张洪伟', '13102069993', 'XQ0244', '交 管 局', '张同超', '民警', '西青支队张家窝大队', '将非机动车秩序正常化', '〖路口执勤〗', '13102069993', '只能管控单向通行路口', '业务能力', '男', '再放一分钟 干足六十秒', '路口非机动车违章较多', 'https://www.wjx.cn/wjx/viewfile.aspx?path=http%3a%2f%2fpubuserqiniu.paperol.cn%2f28164052_219_q11_4H4GpMFCE61uIGEHxSpQ.jpg%3fattname%3d224_11_image.jpg&activity=28164052', 164, 9, '31~40');
INSERT INTO `login_userinfo` VALUES (534, '徐孝杰', '18802295823', '195238', '交 管 局', '赵书祺', '警长', '直属队', '5个x20组', '〖每天50个单杠——引体向上〗', '18802295823', '5个x10组', '体能水平', '男', '挑战自我超越自我', '民警有一个良好的体能是很有必要的！臂力的练习是提高体能的一部分……', 'https://www.wjx.cn/wjx/viewfile.aspx?path=http%3a%2f%2fpubuserqiniu.paperol.cn%2f28164052_200_q11_WHGHcF6ek0yupZOPlnbwWA.jpg%3fattname%3d226_11_IMG_20180919_105904.jpg&activity=28164052', 165, 10, '31~40');
INSERT INTO `login_userinfo` VALUES (535, '阮韬', '13114810331', 'xq0122', '交 管 局', '刘福政', '民警', '天津公安交通管理局西青支队张家窝大队', '每天游泳1500米或健身1小时', '〖每天游泳1500米或健身1小时〗', '13114810331', '每周游泳两次，每次800米', '体能水平', '男', '挑战自我，持之以恒', '强健体魄，以更好的身心状态去迎接工作挑战', 'https://www.wjx.cn/wjx/viewfile.aspx?path=http%3a%2f%2fpubuserqiniu.paperol.cn%2f28164052_224_q11_PKWzd16sqkGIJmLecc05VA.jpg%3fattname%3d231_11_IMG_20180702_151740.jpg&activity=28164052', 166, 11, '18~25');
INSERT INTO `login_userinfo` VALUES (536, '刘玉柱', '13920718852', 'xq0032', '交 管 局', '高天雪', '大队长', '西青支队张家窝大队', '娴熟掌握理论知识', '〖坚持理论学习，掌握理论知识〗', '13920718852', '一般', '政治素养', '男', '我的行动看表现', '增加自己耽误政治素养', 'https://www.wjx.cn/wjx/viewfile.aspx?path=http%3a%2f%2fpubuserqiniu.paperol.cn%2f28164052_230_q11_W3EqOAmRkiVS5Ynv8BNpQ.jpg%3fattname%3d232_11_IMG_3535.jpg&activity=28164052', 167, 12, '31~40');
INSERT INTO `login_userinfo` VALUES (537, '姜辉', '13752105509', 'XQ0272', '交 管 局', '孙钟阳', '民警', '天津市交管局西青分局张家窝大队', '我将用党员的标准严格要求自己，自觉地接受党员和群众的帮助与监督，争取在思想上先入党，进而在组织上入党。', '〖我志愿加入中国共产党，愿意为共产主义事业奋斗终身。〗', '13752105509', '目前是一名共青团员，身边的同事前辈都是优秀的共产党员，每天都在学习前辈的素质和修养。', '政治素养', '男', '对党忠诚，严于律己，脚踏实地，奋斗终身。', '十九大报告更加突出提出“实现伟大梦想，必须建设伟大工程”。历史已经并将继续证明，中国共产党必须始终成为时代先锋、民族脊梁，必须始终成为坚强的马克思主义执政党，必须始终自身过硬。在新的历史背景下，中国共产党必须排除一切影响先进性和纯洁性的各种因素，不断增强党的政治领导力、思想引领力、群众组织力和社会号召力，始终保持生机活力和坚强的战斗力。我辈要做新一代的共产党员。', 'https://www.wjx.cn/wjx/viewfile.aspx?path=http%3a%2f%2fpubuserqiniu.paperol.cn%2f28164052_249_q11_qe0c8KAvykmR4waVXf8QMg.jpg%3fattname%3d259_11_%25e5%25a7%259c%25e8%25be%2589.jpg&activity=28164052', 168, 13, '26~30');
INSERT INTO `login_userinfo` VALUES (538, '高曼鹏', '18222823614', 'XQ0274', '交 管 局', '赵云鹏', '民警', '天津市公安交通管理局西青支队张家窝大队', '每天学习各10个单词', '〖外语（英语、韩语，日语）〗', '18222823614', '四级', '学业进修', '男', '(空)', '个人平时喜欢这几种语言的歌曲和电影。', 'https://www.wjx.cn/wjx/viewfile.aspx?path=http%3a%2f%2fpubuserqiniu.paperol.cn%2f28164052_270_q11_BxOCZwuW0gxqrCAfmXFw.jpg%3fattname%3d276_11_A460099F-E3D8-4886-A8B4-7260D60FF9FD.jpeg&activity=28164052', 169, 14, '18~25');
INSERT INTO `login_userinfo` VALUES (539, '马慧', '13820646952', '195167', '交 管 局', '赵俊轩', '科员', '西青支队综合室', '每月阅读一本书', '〖每月阅读一本书〗', '13820646952', '每年阅读两本', '学业进修', '女', '(空)', '自参加交通管理工作以来，忙于日常的工作，放松了自身的学习。通过坚持阅读，重拾阅读的乐趣，不断提高自己', 'https://www.wjx.cn/wjx/viewfile.aspx?path=http%3a%2f%2fpubuserqiniu.paperol.cn%2f28164052_278_q11_jtWQkCkn8EWnXZGKqvnfQ.jpg%3fattname%3d279_11_6B19983C-13CF-4B55-B0D0-D609E2BDED74.jpeg&activity=28164052', 170, 15, '26~30');
INSERT INTO `login_userinfo` VALUES (540, '孙琳', '18622378136', '195184', '交 管 局', '冯欣', '科员', '直属支队二大队', '熟悉各类交管业务，精通本职工作', '〖交管业务知识〗', '18622378136', '初级', '业务能力', '女', '心有多大舞台就有多大', '提升自己的业务能力', 'https://www.wjx.cn/wjx/viewfile.aspx?path=http%3a%2f%2fpubuserqiniu.paperol.cn%2f28164052_281_q11_Nxg72LSIKEyaA1GwqGDOg.jpg%3fattname%3d282_11_%25e5%25a4%25b4%25e5%2583%258f.jpg&activity=28164052', 171, 16, '26~30');
INSERT INTO `login_userinfo` VALUES (541, '谭文斌', '18512242822', '195368', '交 管 局', '樊景童', '特勤科科长', '直属支队特勤科', '正播文播能提升，现场评述流畅', '〖播音主持〗', '18512242822', '有字音方面，播音方面基础比较弱', '学业进修', '男', '每天进步一点点，量变成质变是对自己的要求', '想在播音主持方面提升', 'https://www.wjx.cn/wjx/viewfile.aspx?path=http%3a%2f%2fpubuserqiniu.paperol.cn%2f28164052_278_q11_fH289x1eO0aBPKahW2M1tA.jpg%3fattname%3d284_11_99E44190-A5D0-4665-A59E-CC768EEB9760.jpeg&activity=28164052', 172, 17, '26~30');
INSERT INTO `login_userinfo` VALUES (542, '赵尚', '15022454057', 'XQ0111', '交 管 局', '刘宝成', '主任科员', '西青支队张家窝大队', '基本掌握', '〖轮滑基本掌握〗', '15022454057', '不会', '体能水平', '男', '从哪里跌倒从哪里爬了起来', '日常工作需要长时间久坐，多做运动', 'https://www.wjx.cn/wjx/viewfile.aspx?path=http%3a%2f%2fpubuserqiniu.paperol.cn%2f28164052_281_q11_0kEWEeGui0VkasaiWMgQ.jpg%3fattname%3d285_11_image.jpg&activity=28164052', 173, 18, '26~30');
INSERT INTO `login_userinfo` VALUES (543, '边巍', '13512026687', '194690', '交 管 局', '张镇钢', '教导员', '张家窝大队', '400笔', '〖月处罚400笔〗', '13512026687', '300笔', '业务能力', '男', '(空)', '制定一个目标', 'https://www.wjx.cn/wjx/viewfile.aspx?path=http%3a%2f%2fpubuserqiniu.paperol.cn%2f28164052_297_q11_G5pLxv2uK0WdsX6w2zAlZg.jpg%3fattname%3d298_11_87F39466-30E7-421B-84D8-D59079EBCF6F.jpeg&activity=28164052', 174, 19, '31~40');
INSERT INTO `login_userinfo` VALUES (544, '韩抒蓉', '13682046860', '195179', '交 管 局', '尹浩宇', '团支部书记', '河东支队天津站大队', '达到一般水平', '〖坚持每日进行瑜伽〗', '13682046860', '0', '体能水平', '女', '吾见吾至吾征服', '提高身体素质，更好的完成各项工作。', 'https://www.wjx.cn/wjx/viewfile.aspx?path=http%3a%2f%2fpubuserqiniu.paperol.cn%2f28164052_305_q11_lJx0DoJg0uW5Qr9jFggwA.jpg%3fattname%3d306_11_6D8E99C1-69A0-4AA4-ABC6-ACFB0FE3D04A.jpeg&activity=28164052', 175, 20, '26~30');
INSERT INTO `login_userinfo` VALUES (545, '张明', '13323350910', 'HB0056', '交 管 局', '张伟', '新开河大队警长', '河北支队新开河大队', '业务骨干', '〖每天看公安知识〗', '13323350910', '初学者', '业务能力', '男', '不断完善自我直到完美', '为党为人民，献出自己的微薄之力', 'https://www.wjx.cn/wjx/viewfile.aspx?path=http%3a%2f%2fpubuserqiniu.paperol.cn%2f28164052_314_q11_T0TuWd8xkGtKJMQkiBBw.jpg%3fattname%3d316_11_837BC8AB-3788-4630-B520-AC1DDEF8F00F.jpeg&activity=28164052', 176, 21, '26~30');
INSERT INTO `login_userinfo` VALUES (546, '崔彬', '15222253789', '195372', '交 管 局', '刘伟', '科员', '西青支队综合室', '每天进行锻炼', '〖每天6点20早起后锻炼半个小时〗', '15222253789', '断断续续锻炼', '健康生活', '男', '我能行 相信行 一定行', '希望自己能形成每天锻炼的习惯', 'https://www.wjx.cn/wjx/viewfile.aspx?path=http%3a%2f%2fpubuserqiniu.paperol.cn%2f28164052_341_q11_ft0bki10xk6sGDkjnKfDtg.jpg%3fattname%3d341_11_F3933F6B-77B0-47FD-A9D3-724E79CD92EF.jpeg&activity=28164052', 177, 22, '26~30');
INSERT INTO `login_userinfo` VALUES (547, '杨小龙', '13752393551', '190073', '交 管 局', '徐乐元', '副教导员', '高速支队京津塘大队', '工作中熟练运用业务', '〖坚持业务知识学习和锻炼进一步提升个人业务水平〗', '13752393551', '工作中业务与实践无法相结合', '业务能力', '男', '(空)', '业务水平不够', 'https://www.wjx.cn/wjx/viewfile.aspx?path=http%3a%2f%2fpubuserqiniu.paperol.cn%2f28164052_371_q11_QOmwFAUzYESAxHkN9dTew.jpg%3fattname%3d372_11_image.jpg&activity=28164052', 178, 23, '26~30');
INSERT INTO `login_userinfo` VALUES (548, '李娅静', '15922000660', '194757', '交 管 局', '翟宝喜', '教导员', '高速公路支队津静大队', '23:00之前睡觉，早晨7:00起床，不吃垃圾食品', '〖晚上22:30前睡觉，早晨7:00起床，不吃垃圾食品。〗', '15922000660', '24:00睡觉，早晨7:00起床', '健康生活', '女', '(空)', '睡觉不规律，吃垃圾食品。', 'https://www.wjx.cn/wjx/viewfile.aspx?path=http%3a%2f%2fpubuserqiniu.paperol.cn%2f28164052_375_q11_mmaJvpNeZ0WRH8wtyVP8Ew.jpg%3fattname%3d375_11_7F720546-CED9-4F8C-A417-38F7EAC49248.jpeg&activity=28164052', 179, 24, '31~40');
INSERT INTO `login_userinfo` VALUES (549, '张文震', '18622261375', '194751', '交 管 局', '李雅静', '内勤', '高速支队津静大队', '每天100个', '〖每天坚持100俯卧撑〗', '18622261375', '每天20个', '体能水平', '男', '(空)', '由于工作性质造成作息时间紊乱，身体素质下降，每天坚持做运动，可以提高身体素质，有了好身体才能更好的工作，俯卧撑，不受地点时间限制，有空做几个，对身体也是提高', 'https://www.wjx.cn/wjx/viewfile.aspx?path=http%3a%2f%2fpubuserqiniu.paperol.cn%2f28164052_378_q11_oywqT1SBdkCCV5Izwu1Wkg.jpg%3fattname%3d378_11_IMG20180920155909.jpg&activity=28164052', 180, 25, '31~40');
INSERT INTO `login_userinfo` VALUES (550, '窦宝鑫', '13820923379', '194768', '交 管 局', '孟庆瑞', '民警', '警务督察支队', '围度增大，线条匀称', '〖健身〗', '13820923379', '体脂偏高，肌肉围度不够', '体能水平', '男', '有志者，事竟成，破釜沉舟，百二秦关终属楚。苦心人，天不负，卧薪尝胆，三千越甲可吞吴。', '磨炼意志', 'https://www.wjx.cn/wjx/viewfile.aspx?path=http%3a%2f%2fpubuserqiniu.paperol.cn%2f28164052_378_q11_L91OBwFw8kaAW94MESPkdw.jpg%3fattname%3d379_11_9E9A7633-6432-4E47-8B83-6D2439352F9D.jpeg&activity=28164052', 181, 26, '31~40');
INSERT INTO `login_userinfo` VALUES (551, '陈晨', '13820261581', '194767', '交 管 局', '李国伟', '科长', '高速支队', '考证成功', '〖无人机证书〗', '13820261581', '无证', '学业进修', '男', '(空)', '提升自己', 'https://www.wjx.cn/wjx/viewfile.aspx?path=http%3a%2f%2fpubuserqiniu.paperol.cn%2f28164052_392_q11_qcVWe5qkyEBmXm89vQnA.jpg%3fattname%3d392_11_IMG_20180920_175815.jpg&activity=28164052', 182, 27, '31~40');
INSERT INTO `login_userinfo` VALUES (552, '王连刚', '13920614067', '194746', '交 管 局', '翟宝喜', '教导员', '高速公路支队津静大队', '尽量减轻后遗症的影响', '〖尽快恢复健康〗', '13920614067', '存在各种后遗症', '健康生活', '男', '做最好的自己', '因公负伤', 'https://www.wjx.cn/wjx/viewfile.aspx?path=http%3a%2f%2fpubuserqiniu.paperol.cn%2f28164052_397_q11_gizyz02W0CwQK3Ln5qCg.jpg%3fattname%3d397_11_5E201058-282F-46A9-9956-19224C682313.jpeg&activity=28164052', 183, 28, '31~40');
INSERT INTO `login_userinfo` VALUES (553, '陈玉玺', '13920370910', '190066', '交 管 局', '王汝楠', '科员', '高速支队秩序科', '良好', '〖培养良好的生活习惯，让自己有更丰富多彩的生活〗', '13920370910', '一般', '健康生活', '女', '享受生活每一天', '培养良好的习惯', 'https://www.wjx.cn/wjx/viewfile.aspx?path=http%3a%2f%2fpubuserqiniu.paperol.cn%2f28164052_402_q11_DUf2lbuUUOSS1HB6CZD7Q.jpg%3fattname%3d402_11_F076C62D-5193-487A-A28C-497A122558CD.jpeg&activity=28164052', 184, 29, '26~30');
INSERT INTO `login_userinfo` VALUES (554, '', '', NULL, NULL, NULL, NULL, NULL, NULL, NULL, NULL, NULL, NULL, '', NULL, NULL, NULL, 0, 0, NULL);
INSERT INTO `login_userinfo` VALUES (555, '刘甜', '13803012559', '110385', '监管总队', '尚莉', '第一看守所教导员', '天津市第一看守所', '明年五月DELE官方考试A2水平', '〖学习西班牙语〗', '13803012559', '0', '学业进修', '女', 'Cada momento de mi vida es un milagro', '喜欢西班牙语', 'https://www.wjx.cn/wjx/viewfile.aspx?path=http%3a%2f%2fpubuserqiniu.paperol.cn%2f28164052_144_q11_k1TldVyQfU6uu2TgGnEK2w.jpg%3fattname%3d144_11_B9053071-6E6A-495B-8069-E16E2DA2F550.jpeg&activity=28164052', 185, 1, '26~30');
INSERT INTO `login_userinfo` VALUES (556, '庄涛', '13011349156', '110057', '监管总队', '陆军', '监管总队政治处副主任', '第二看守所', '遇见更好的自己', '〖卧推可推起100公斤一组 10公里跑步争取进50分钟〗', '13011349156', '卧推80kg 10公里53分钟', '体能水平', '男', '不挑战，就永远不知道自己有多大潜能。', '突破自我', 'https://www.wjx.cn/wjx/viewfile.aspx?path=http%3a%2f%2fpubuserqiniu.paperol.cn%2f28397784_69_q11_v9tzDPbMUUmtQJMN6eUWw.jpg%3fattname%3d69_11_IMG_20170903_203111.jpg&activity=28397784', 186, 2, '26~30');
INSERT INTO `login_userinfo` VALUES (557, '孙瀚臣', '15902204619', '110006', '监管总队', '王鹏', '民警', '指导处-监控中心', '熟知党章党史，领会党的十九大精神以及新时代中国特色社会主义深刻内涵', '〖熟知党章党史，领会党的十九大精神以及新时代中国特色社会主义深刻内涵〗', '15902204619', '对党的宗旨、任务有初步的了解', '政治素养', '男', '持之以恒，奋勇向前', '为加入中国共产党积蓄力量', 'https://www.wjx.cn/wjx/viewfile.aspx?path=http%3a%2f%2fpubuserqiniu.paperol.cn%2f28397784_87_q11_Cu1mPkCRH0uI9fQTXcXDQ.jpg%3fattname%3d88_11_P80122-172616(1).jpg&activity=28397784', 187, 3, '26~30');
INSERT INTO `login_userinfo` VALUES (558, '', '', NULL, NULL, NULL, NULL, NULL, NULL, NULL, NULL, NULL, NULL, '', NULL, NULL, NULL, 0, 0, NULL);
INSERT INTO `login_userinfo` VALUES (559, '卢雪松', '13323311208', '411308', '蓟州分局', '周莉华', '民警', '上仓派出所', '70kg', '〖每周三次5公里〗', '13323311208', '77kg', '体能水平', '男', '今天也要加油鸭', '锻炼身体，减肥', 'https://www.wjx.cn/wjx/viewfile.aspx?path=http%3a%2f%2fpubuserqiniu.paperol.cn%2f28397784_43_q11_U1NRlgJ9kEWeKIlBPyMBuw.jpg%3fattname%3d44_11_1534223769596.jpg&activity=28397784', 188, 1, '26~30');
INSERT INTO `login_userinfo` VALUES (560, '任金龙', '13821588399', '410920', '蓟州分局', '潘洁', '民警', '打击犯罪侦查支队一大队', '60', '〖俯卧撑〗', '13821588399', '30', '体能水平', '男', '肯定能成', '该项运动既能锻炼臂力，又能锻炼核心力量，拉体能，需要的空间小，场地方便，办公室既能满足，不耽误工作。', 'https://www.wjx.cn/wjx/viewfile.aspx?path=http%3a%2f%2fpubuserqiniu.paperol.cn%2f28397784_52_q11_PiFkMM3mQkOEV2LtSAQP9Q.jpg%3fattname%3d56_11_mmexport1537482384237.jpg&activity=28397784', 189, 2, '31~40');
INSERT INTO `login_userinfo` VALUES (561, '肖克健', '18920182389', '411277', '蓟州分局', '唐志营', '科员', '东赵各庄派出所', '优秀', '〖良好〗', '18920182389', '良好', '体能水平', '男', '每天运动一点点，生活幸福没满满。', '增强体魄，提高技能', 'https://www.wjx.cn/wjx/viewfile.aspx?path=http%3a%2f%2fpubuserqiniu.paperol.cn%2f28397784_60_q11_xsiRoBAFe0OR0IPZT8cDMQ.jpg%3fattname%3d60_11_1484123024715.jpg&activity=28397784', 190, 3, '26~30');
INSERT INTO `login_userinfo` VALUES (562, '吴蒸', '13332088690', '411340', '蓟州分局', '杜少涛', '410783', '刑侦支队八大队', '五公里', '〖每天跑五公里〗', '13332088690', '两公里', '体能水平', '男', '自律是坚持生活的源泉。', '磨炼自身意志，提升体能水平，养成自律生活习惯。', 'https://www.wjx.cn/wjx/viewfile.aspx?path=http%3a%2f%2fpubuserqiniu.paperol.cn%2f28397784_60_q11_I1XZLquU60ldVbEC6RBw.jpg%3fattname%3d61_11_B612Kaji_20180910_174138_927.jpg&activity=28397784', 191, 4, '18~25');
INSERT INTO `login_userinfo` VALUES (563, '高宁', '13821199118', '411055', '蓟州分局', '刘鹏飞', '文职', '巡警三大队', '正常驾驶无人机', '〖无人机驾驶〗', '13821199118', '无', '学业进修', '男', '(空)', '无', 'https://www.wjx.cn/wjx/viewfile.aspx?path=http%3a%2f%2fpubuserqiniu.paperol.cn%2f28397784_62_q11_7wSGdMzTi08DvG704LeFQ.jpg%3fattname%3d62_11_A4A9CB31-33E2-4D9D-B1D5-560B9BB462B2.jpeg&activity=28397784', 192, 5, '31~40');
INSERT INTO `login_userinfo` VALUES (564, '赵雪杰', '13132528617', '410042', '蓟州分局', '任娜', '内勤民警', '打击犯罪侦查支队五大队', '考下心理咨询师证书', '〖考心理咨询师证书〗', '13132528617', '零基础', '学业进修', '女', '我一定成功！', '个人兴趣，工作需要', 'https://www.wjx.cn/wjx/viewfile.aspx?path=http%3a%2f%2fpubuserqiniu.paperol.cn%2f28397784_62_q11_pjizp1I4k21YWV3SMFPig.jpg%3fattname%3d63_11_storageemulated0sinaweiboweiboimg-f82416eeedc631db68110e8cbaa00b99.jpg&activity=28397784', 193, 6, '26~30');
INSERT INTO `login_userinfo` VALUES (565, '任娜', '13370386936', '411020', '蓟州分局', '白凤红', '教导员', '打击犯罪侦查支队五大队', '取得证书', '〖会计师资格证〗', '13370386936', '零基础', '业务能力', '女', '提升自己 突破自我', '业务学习 工作需要', 'https://www.wjx.cn/wjx/viewfile.aspx?path=http%3a%2f%2fpubuserqiniu.paperol.cn%2f28397784_64_q11_r9h8FWfwXkOWVESGwMMidw.png%3fattname%3d64_11_IMG_2017_10_31_162133.jpg&activity=28397784', 194, 7, '31~40');
INSERT INTO `login_userinfo` VALUES (566, '赵文哲', '18722617788', '410044', '蓟州分局', '任娜', '民警', '打击犯罪侦查支队五大队', '顺利完成阅读', '〖100天阅读4本全英读本十万左右单词量〗', '18722617788', '初级', '其他方面', '女', '让阅读成为习惯', '个人爱好', 'https://www.wjx.cn/wjx/viewfile.aspx?path=http%3a%2f%2fpubuserqiniu.paperol.cn%2f28397784_66_q11_cP5jVHO7EECQ7fuBhzbSIQ.jpg%3fattname%3d66_11_FE0EB65A-F2D0-44C2-A3D0-8AF5B3F18FB1.jpeg&activity=28397784', 195, 8, '26~30');
INSERT INTO `login_userinfo` VALUES (567, '赵立增', '18512218681', '411279', '蓟州分局', '王卫磊', '探长', '打击犯罪侦查支队二大队', '提升一个层次', '〖每天学习人民日报评论员文章〗', '18512218681', '一般水平', '政治素养', '男', '静以修身，将从警之路走的更长久！', '核心竞争力不足', 'https://www.wjx.cn/wjx/viewfile.aspx?path=http%3a%2f%2fpubuserqiniu.paperol.cn%2f28397784_46_q11_pByWSB60K1hjpsMd3kCg.jpg%3fattname%3d50_11_hdImg_1b44003d5e4d00328b005ad919eabfb41537516826596.jpg&activity=28397784', 196, 9, '26~30');
INSERT INTO `login_userinfo` VALUES (568, '', '', NULL, NULL, NULL, NULL, NULL, NULL, NULL, NULL, NULL, NULL, '', NULL, NULL, NULL, 0, 0, NULL);
INSERT INTO `login_userinfo` VALUES (569, '李霄鹏', '15315436938', '140323', '技术侦察总队', '马征', '指挥室情报中心副主任', '指挥室情报中心', '良好', '〖规律作息〗', '15315436938', '一般', '健康生活', '男', '规律作息，健康生活', '规律作息会带来良好的体格和精力，并会加强自制力', 'https://www.wjx.cn/wjx/viewfile.aspx?path=http%3a%2f%2fpubuserqiniu.paperol.cn%2f28397784_73_q11_P1Eczoe9oEa4k8PNxcxNbw.jpg%3fattname%3d73_11_5C66E938-C20C-41F6-B56D-3B3E3E73012E.jpeg&activity=28397784', 197, 1, '26~30');
INSERT INTO `login_userinfo` VALUES (570, '孙宏根', '13920612131', '140278', '技术侦察总队', '马征', '情报科副主任', '六支队', '10点入睡', '〖戒掉晚睡恶习〗', '13920612131', '12点睡觉', '健康生活', '男', '(空)', '睡眠不足', 'https://www.wjx.cn/wjx/viewfile.aspx?path=http%3a%2f%2fpubuserqiniu.paperol.cn%2f28397784_79_q11_mKRDPY2d10y1ko4nI2fi6Q.jpg%3fattname%3d79_11_image.jpg&activity=28397784', 198, 2, '31~40');
INSERT INTO `login_userinfo` VALUES (571, '王磊', '13820298773', '140155', '技术侦察总队', '马征', '副科', '法制支队', '标铁成绩进去2:30:00', '〖铁人三项（游泳骑行跑步）〗', '13820298773', '标铁成绩2:43:52', '体能水平', '男', '更快更强', '想成为警届铁三运动员', 'https://www.wjx.cn/wjx/viewfile.aspx?path=http%3a%2f%2fpubuserqiniu.paperol.cn%2f28397784_85_q11_WtEidbHAzUmwsUwy3zNImQ.jpg%3fattname%3d85_11_mmexport1530264346515.jpg&activity=28397784', 199, 3, '31~40');
INSERT INTO `login_userinfo` VALUES (572, '王婧', '13902198991', '140211', '技术侦察总队', '王磊', '副支队长', '法制支队', '高级', '〖学习业务知识〗', '13902198991', '初级', '业务能力', '女', '不做不良品！', '新岗位，学习新业务！', 'https://www.wjx.cn/wjx/viewfile.aspx?path=http%3a%2f%2fpubuserqiniu.paperol.cn%2f28397784_86_q11_bcPINZ9DyEqUNaw42FR6A.jpg%3fattname%3d86_11_E1BCD34C-1855-430C-B14A-48AF68062907.jpeg&activity=28397784', 200, 4, '31~40');
INSERT INTO `login_userinfo` VALUES (573, '', '', NULL, NULL, NULL, NULL, NULL, NULL, NULL, NULL, NULL, NULL, '', NULL, NULL, NULL, 0, 0, NULL);
INSERT INTO `login_userinfo` VALUES (574, '李旭', '13821303918', '311506', '红桥分局', '李健', '所长', '看守所', '累计跑步6000km', '〖跑步〗', '13821303918', '累计跑步5545km', '体能水平', '女', '(空)', '保持自律，提升体能，提高水平', 'https://www.wjx.cn/wjx/viewfile.aspx?path=http%3a%2f%2fpubuserqiniu.paperol.cn%2f28164052_153_q11_Y6Wtk2o002FWDl3se923A.jpg%3fattname%3d153_11_mmexport1477807044611.jpg&activity=28164052', 201, 1, '31~40');
INSERT INTO `login_userinfo` VALUES (575, '赵斌', '15202259689', '311559', '红桥分局', '张利鹏', '311551', '情报技术支队一大队', '1、争优创先，将自身所掌握的技能更好的与公安实战进行衔接2、突破自我，提升个人业务能力，为公安事业奉献更多能量', '〖将自身所掌握的公安数据处理能力更好的应用于公安实战〗', '15202259689', '1、熟练掌握数据处理能力2、自身掌握的数据技术手段与实战衔接不够紧密', '业务能力', '男', '(空)', '1、提升专项业务能力是做好公安工作的基础；2、专项业务能力的提升可以在日常工作中展开，提升工作效能的同时节约更多时间成本', 'https://www.wjx.cn/wjx/viewfile.aspx?path=http%3a%2f%2fpubuserqiniu.paperol.cn%2f28164052_345_q11_Nk2J0lyaUK418P4qkqxQ.jpg%3fattname%3d348_11_C07AA6EF-CCE7-4CFD-8724-B3BEBA3D85A5.jpeg&activity=28164052', 202, 2, '26~30');
INSERT INTO `login_userinfo` VALUES (576, '', '', NULL, NULL, NULL, NULL, NULL, NULL, NULL, NULL, NULL, NULL, '', NULL, NULL, NULL, 0, 0, NULL);
INSERT INTO `login_userinfo` VALUES (577, '张志明', '13702025245', 'hx0311', '河西分局', '侯东海', '政治处民警，副主任科员', '政治处', '120以内', '〖每天坚持体能锻炼，俯卧撑30/组3组，仰卧起坐4组30/组，每周一场足球〗', '13702025245', '140斤', '体能水平', '男', '运动健身，提高自我', '平时运动量少，觉得自己过胖', 'https://www.wjx.cn/wjx/viewfile.aspx?path=http%3a%2f%2fpubuserqiniu.paperol.cn%2f28164052_2_q11_qwnviHThS0yDoNJnVPTrg.jpg%3fattname%3d3_11_image.jpg&activity=28164052', 203, 1, '31~40');
INSERT INTO `login_userinfo` VALUES (578, '', '', NULL, NULL, NULL, NULL, NULL, NULL, NULL, NULL, NULL, NULL, '', NULL, NULL, NULL, 0, 0, NULL);
INSERT INTO `login_userinfo` VALUES (579, '张立驰', '15822586777', '281864', '河东分局', '张庆', '政委', '中山门派出所', '熟练掌握执法办法系统', '〖熟练掌握执法办案系统〗', '15822586777', '不太熟悉执法办法系统', '业务能力', '男', '(空)', '提高自身业务能力', 'https://www.wjx.cn/wjx/viewfile.aspx?path=http%3a%2f%2fpubuserqiniu.paperol.cn%2f28397784_11_q11_qKcqTSS4EK9uSIWQ0iEw.jpg%3fattname%3d13_11_mmexport1530931581949.jpg&activity=28397784', 204, 1, '18~25');
INSERT INTO `login_userinfo` VALUES (580, '王超', '18222962722', '281892', '河东分局', '孙军涛', '警长', '富民路派出所', '通过初级执法资格考试', '〖法律知识〗', '18222962722', '普通水平', '学业进修', '女', '(空)', '作为“非专科”新警法律知识欠缺', 'https://www.wjx.cn/wjx/viewfile.aspx?path=http%3a%2f%2fpubuserqiniu.paperol.cn%2f28397784_30_q11_EhNF0z1EO24MtR4KFlQ.jpg%3fattname%3d30_11_Screenshot_20180921-153647.jpg&activity=28397784', 205, 2, '26~30');
INSERT INTO `login_userinfo` VALUES (581, '吴楠', '18630889860', '280076', '河东分局', '程关璐', '民警', '向阳楼派出所', '基本掌握', '〖学习公安基础知识〗', '18630889860', '初步了解', '学业进修', '男', '(空)', '未受过专业的公安基础知识培训', 'https://www.wjx.cn/wjx/viewfile.aspx?path=http%3a%2f%2fpubuserqiniu.paperol.cn%2f28397784_30_q11_rCL8ySCkiZRVsOIgrZeA.jpg%3fattname%3d32_11_6813ED5E-063F-4580-8156-7BC2996FBC03.jpeg&activity=28397784', 206, 3, '26~30');
INSERT INTO `login_userinfo` VALUES (582, '张振玮', '18649192567', '281891', '河东分局', '朱智勇', '政委', '大王庄派出所', '读完5本书', '〖每天读书半小时〗', '18649192567', '很久没有读完一本书', '学业进修', '女', '学习使我快乐', '工作后对自我提升疏于管理', 'https://www.wjx.cn/wjx/viewfile.aspx?path=http%3a%2f%2fpubuserqiniu.paperol.cn%2f28397784_40_q11_qXO5dP9tUm8OaLJ7UiYZQ.jpg%3fattname%3d42_11_9B0336E3-13FB-4F6A-976A-247085AF2E4B.jpeg&activity=28397784', 207, 4, '26~30');
INSERT INTO `login_userinfo` VALUES (583, '', '', NULL, NULL, NULL, NULL, NULL, NULL, NULL, NULL, NULL, NULL, '', NULL, NULL, NULL, 0, 0, NULL);
INSERT INTO `login_userinfo` VALUES (584, '张赞', '18202693778', '271792', '河北分局', '刘杨', '民警', '打击犯罪侦查支队一大队', '每天至少20个单词，一百天，2000个，哇，真不少', '〖学习英语，每天背至少20个单词〗', '18202693778', '大概，英语初高中水平。单词量三四千左右。', '学业进修', '男', '打卡，我很擅长的', '想要提高自己的英语水平，达到流利交流的程度。毫无疑问，学英语最基础的就是单词量了，背单词挑战，我只是刚上路。原因嘛，怕自己不能坚持，参加这样的活动，更有竞赛性、仪式感，还有点趣味，所以。。。', 'https://www.wjx.cn/wjx/viewfile.aspx?path=http%3a%2f%2fpubuserqiniu.paperol.cn%2f28164052_14_q11_a1b4RPFlLEEHnxVRTjJfQ.jpg%3fattname%3d14_11_IMG_20180811_224909.jpg&activity=28164052', 208, 1, '26~30');
INSERT INTO `login_userinfo` VALUES (585, '周博文', '18222414603', '271827', '河北分局', '刘克', '政委', '鸿顺里派出所', '通过学位英语考试', '〖参加通过学位英语考试〗', '18222414603', '专科毕业', '学业进修', '男', '挑战自我，践行诺言', '专接本提升学历，参加学位英语考试，借助这次活动监督自己，为自己加油鼓劲', 'https://www.wjx.cn/wjx/viewfile.aspx?path=http%3a%2f%2fpubuserqiniu.paperol.cn%2f28164052_150_q11_4kFy27Qfn0ew33YB0lqYVA.jpg%3fattname%3d150_11_IMG_20180918_220544.jpg&activity=28164052', 209, 2, '18~25');
INSERT INTO `login_userinfo` VALUES (586, '李玉', '15022034916', '271789', '河北分局', '王淳', '政委', '江都路派出所', '减到105斤', '〖减脂增肌〗', '15022034916', '115斤', '体能水平', '女', '生命在于运动！', '塑造更健康的体魄', 'https://www.wjx.cn/wjx/viewfile.aspx?path=http%3a%2f%2fpubuserqiniu.paperol.cn%2f28164052_166_q11_751fKtRluU2furb31YTV0Q.jpg%3fattname%3d170_11_image.jpeg&activity=28164052', 210, 3, '26~30');
INSERT INTO `login_userinfo` VALUES (587, '吴桐', '13602077493', '271716', '河北分局', '李成相', '科员', '巡警支队', '能坚持跑一个半马，体重增加5公斤。', '〖每天五公里，每周四次健身房〗', '13602077493', '身体素质一般，体型偏瘦，缺乏力量，爆发性。', '体能水平', '男', '百日争先！突破自我！', '强身塑体', 'https://www.wjx.cn/wjx/viewfile.aspx?path=http%3a%2f%2fpubuserqiniu.paperol.cn%2f28164052_263_q11_IbPheZncbEaR8E6NUh68FA.jpg%3fattname%3d264_11_IMG_20180628_142751.jpg&activity=28164052', 211, 4, '26~30');
INSERT INTO `login_userinfo` VALUES (588, '韩娅勤', '13702000016', '271719', '河北分局', '梁才斌', '民警', '墙子派出所', '熟练掌握', '〖无人机驾驶员〗', '13702000016', '培训中', '业务能力', '女', '(空)', '运用实战', 'https://www.wjx.cn/wjx/viewfile.aspx?path=http%3a%2f%2fpubuserqiniu.paperol.cn%2f28164052_289_q11_m651IKeuIEG1wqEaxa85ng.jpg%3fattname%3d291_11_1AD3CB7B-14F9-4144-A713-0E6630E6145B.jpeg&activity=28164052', 212, 5, '26~30');
INSERT INTO `login_userinfo` VALUES (589, '王李辉', '18522845390', '271756', '河北分局', '吴桐', '民警', '巡警支队', '日均一万步', '〖每天步行一万步〗', '18522845390', '日均4000', '体能水平', '男', '(空)', '提升个人身体素质', 'https://www.wjx.cn/wjx/viewfile.aspx?path=http%3a%2f%2fpubuserqiniu.paperol.cn%2f28164052_299_q11_hHkcIiNXO0WXhInGgQpONA.jpg%3fattname%3d302_11_MYXJ_20180813103655_save.jpg&activity=28164052', 213, 6, '26~30');
INSERT INTO `login_userinfo` VALUES (590, '孙彬彬', '18622983813', '271790', '河北分局', '陈贵州', '科员', '鸿顺里派出所', '每天上班准时到', '〖养成不迟到的好习惯〗', '18622983813', '有时候上班会迟到', '其他方面', '男', '(空)', '为了改掉此习惯', 'https://www.wjx.cn/wjx/viewfile.aspx?path=http%3a%2f%2fpubuserqiniu.paperol.cn%2f28164052_315_q11_G5gaUMBnLUiTqdL1Qi5Wlw.jpg%3fattname%3d318_11_mmexport1537346402006.jpg&activity=28164052', 214, 7, '26~30');
INSERT INTO `login_userinfo` VALUES (591, '胡振亚', '15900253058', '271709', '河北分局', '薛云峰', '民警', '宁园街派出所', '三级裁判', '〖挑战篮球裁判〗', '15900253058', '无', '健康生活', '男', '一定能成功', '爱好', 'https://www.wjx.cn/wjx/viewfile.aspx?path=http%3a%2f%2fpubuserqiniu.paperol.cn%2f28164052_342_q11_jrDxBgiFkuyKRUdQsoRw.jpg%3fattname%3d342_11_mmexport1534505899057.jpg&activity=28164052', 215, 8, '26~30');
INSERT INTO `login_userinfo` VALUES (592, '陈淼', '15822747969', '270060', '河北分局', '孟刚', '大队长', '打击犯罪侦查支队三大队', '每天十一点前入睡', '〖每天十一点前睡觉〗', '15822747969', '凌晨一两点睡觉', '健康生活', '女', '(空)', '每天熬夜到一两点，影响转天工作状态的同时不利于身体健康，因此要改掉不良作息习惯', 'https://www.wjx.cn/wjx/viewfile.aspx?path=http%3a%2f%2fpubuserqiniu.paperol.cn%2f28164052_366_q11_qw2eIOixEmzdt1KBmt1WA.jpg%3fattname%3d367_11_07DC03B7-A886-4C3B-9D28-F6132B8B8494.jpeg&activity=28164052', 216, 9, '26~30');
INSERT INTO `login_userinfo` VALUES (593, '王文思', '15022060574', '27539', '河北分局', '王宝玉', '政委', '铁东路派出所', '每天10点前睡觉', '〖改变作息，每天晚上10点前休息〗', '15022060574', '每天晚上12点左右休息', '健康生活', '女', '(空)', '熬夜', 'https://www.wjx.cn/wjx/viewfile.aspx?path=http%3a%2f%2fpubuserqiniu.paperol.cn%2f28164052_376_q11_O244HZNqKkKYE9KoBy0Zg.jpg%3fattname%3d376_11_B612%25e5%2592%2594%25e5%258f%25bd_20170604_192349.jpg&activity=28164052', 217, 10, '26~30');
INSERT INTO `login_userinfo` VALUES (594, '马超', '15320076725', '271711', '河北分局', '王宝玉', '政委', '铁东路派出所', '90公斤', '〖每个月减重5公斤〗', '15320076725', '102公斤', '体能水平', '男', '(空)', '饮食不规律体重飙升', 'https://www.wjx.cn/wjx/viewfile.aspx?path=http%3a%2f%2fpubuserqiniu.paperol.cn%2f28164052_376_q11_X2gRJl9CskaAQJpEBoXgXA.jpg%3fattname%3d377_11_B8CFF060-140B-470F-B734-C8C5E332B967.jpeg&activity=28164052', 218, 11, '26~30');
INSERT INTO `login_userinfo` VALUES (595, '陈泰松', '18502696237', '271757', '河北分局', '吴桐', '科员', '巡警支队', '每天100个', '〖坚持每天100个俯卧撑。〗', '18502696237', '无法坚持', '体能水平', '男', '坚持锻炼，无悔青春', '工作原因', 'https://www.wjx.cn/wjx/viewfile.aspx?path=http%3a%2f%2fpubuserqiniu.paperol.cn%2f28164052_379_q11_fwPI20WZ061IqU0XmpUQ.jpg%3fattname%3d381_11_600362D5-0B38-4CC6-A584-52A713412917.jpeg&activity=28164052', 219, 12, '26~30');
INSERT INTO `login_userinfo` VALUES (596, '吴桐', '15822244099', '271780', '河北分局', '于德龙', '民警', '新开河派出所', '练出明显的腹肌', '〖练出明显的腹肌〗', '15822244099', '一坨赘肉', '体能水平', '男', '脱胎换骨.鹤立鸡群！', '对自己的体能，身材不满意', 'https://www.wjx.cn/wjx/viewfile.aspx?path=http%3a%2f%2fpubuserqiniu.paperol.cn%2f28164052_384_q11_hgO79qwu0Ca6tO25s6g.jpg%3fattname%3d388_11_F8859832-8BA5-4188-BA42-F0C1D0854EC0.jpeg&activity=28164052', 220, 13, '18~25');
INSERT INTO `login_userinfo` VALUES (597, '李成相', '18522555813', '271758', '河北分局', '吴桐', '科员', '巡特警支队二大队', '熟练掌握相关技术知识', '〖坚持学习专业知识〗', '18522555813', '起点', '业务能力', '男', 'Good Good study，Day Day up！', '工作需要', 'https://www.wjx.cn/wjx/viewfile.aspx?path=http%3a%2f%2fpubuserqiniu.paperol.cn%2f28164052_388_q11_Snu54j6YrUuXypJA9cPRhg.jpg%3fattname%3d390_11_963E4074-15F5-489C-88F8-3D540C614307.jpeg&activity=28164052', 221, 14, '26~30');
INSERT INTO `login_userinfo` VALUES (598, '刘畅', '13602014789', '271820', '河北分局', '刘杨', '民警', '江都路派出所', '通过法律硕士研究生考试', '〖通过法律硕士研究生考试〗', '13602014789', '公安视听技术专业本科毕业', '学业进修', '女', '你不努力一次，怎么知道自己能不能做到。', '想对自己的学历有一定的提升', 'https://www.wjx.cn/wjx/viewfile.aspx?path=http%3a%2f%2fpubuserqiniu.paperol.cn%2f28397784_1_q11_s53rajuw6UObFlIEh3C43g.jpg%3fattname%3d3_11_02CEF77E-B203-46E0-A60C-C489C6AD9A71.jpeg&activity=28397784', 222, 15, '18~25');
INSERT INTO `login_userinfo` VALUES (599, '葛欣妍', '15122481251', '27405', '河北分局', '李刚', '政委', '光复道派出所', '深入、领悟、贯彻', '〖学习政治理论〗', '15122481251', '大概阅读', '政治素养', '女', '努力学习，深入贯彻', '丰富政治学习，掌握理论知识', 'https://www.wjx.cn/wjx/viewfile.aspx?path=http%3a%2f%2fpubuserqiniu.paperol.cn%2f28397784_30_q11_nFIUZkURO0SnzKLahua10Q.jpg%3fattname%3d31_11_048299EF-3B28-41D2-8048-2CA076E263B2.jpeg&activity=28397784', 223, 16, '26~30');
INSERT INTO `login_userinfo` VALUES (600, '', '', NULL, NULL, NULL, NULL, NULL, NULL, NULL, NULL, NULL, NULL, '', NULL, NULL, NULL, 0, 0, NULL);
INSERT INTO `login_userinfo` VALUES (601, '张璟瑾', '15522575817', '260083', '和平分局', '贾刚', '民警', '南市派出所', '减肥10斤，体重70kg', '〖减肥十斤〗', '15522575817', '体重75kg', '健康生活', '女', '健康生活', '有一个健康的身体', 'https://www.wjx.cn/wjx/viewfile.aspx?path=http%3a%2f%2fpubuserqiniu.paperol.cn%2f28164052_266_q11_YuFk18bOoUGVeheSOdmpgA.jpg%3fattname%3d266_11_4492C557-5605-4CC0-823C-DB82F0273D48.jpeg&activity=28164052', 224, 1, '31~40');
INSERT INTO `login_userinfo` VALUES (602, '路珺涵', '15122501869', '261391', '和平分局', '赵曦', '户籍民警', '南市派出所', '体脂率降低到25', '〖每天锻炼20分钟〗', '15122501869', '体脂率26.8', '体能水平', '女', '(空)', '强健体魄，促进工作', 'https://www.wjx.cn/wjx/viewfile.aspx?path=http%3a%2f%2fpubuserqiniu.paperol.cn%2f28164052_268_q11_jM6rqX8kk0C6xYE2pqzzfQ.jpg%3fattname%3d268_11_mmexport1537337895781.jpg&activity=28164052', 225, 2, '18~25');
INSERT INTO `login_userinfo` VALUES (603, '刘阔', '13820719328', '261139', '和平分局', '庞继林', '民警', '金街治安派出所', '每日步行8000步。', '〖每天步行8000步〗', '13820719328', '上楼出汗，颈椎疼。', '体能水平', '男', '脚踏实地。', '身体素质差，缺乏锻炼。', 'https://www.wjx.cn/wjx/viewfile.aspx?path=http%3a%2f%2fpubuserqiniu.paperol.cn%2f28397784_52_q11_XmfwCfKwoU2ez6qp0mAfA.jpg%3fattname%3d58_11_POMELO_20140918111451_org.jpg&activity=28397784', 226, 3, '31~40');
INSERT INTO `login_userinfo` VALUES (604, '李佳杰', '13752050249', '261123', '和平分局', '肖建伟', '带班领导', '五大道派出所', '健康', '〖每天坚持运动一小时〗', '13752050249', '亚健康', '体能水平', '男', '坚持 自律 自由', '改善亚健康', 'https://www.wjx.cn/wjx/viewfile.aspx?path=http%3a%2f%2fpubuserqiniu.paperol.cn%2f28397784_67_q11_MfoSbrnevkWCrNdYftDHBg.jpg%3fattname%3d67_11_5003CC09-2A13-4129-98CC-A4466CEFB6AB.jpeg&activity=28397784', 227, 4, '18~25');
INSERT INTO `login_userinfo` VALUES (605, '肖建伟', '13516203055', '260623', '和平分局', '马铮', '260817', '五大道派出所', '跑步5km', '〖每天跑步5km〗', '13516203055', '跑步1km', '体能水平', '男', '少年强则中国强', '增强体质', 'https://www.wjx.cn/wjx/viewfile.aspx?path=http%3a%2f%2fpubuserqiniu.paperol.cn%2f28397784_67_q11_ujrGJbMqkCndyMqH9csiA.jpg%3fattname%3d68_11_0F3B8559-DF9B-44D1-BABF-AF35A2A59E29.jpeg&activity=28397784', 228, 5, '26~30');
INSERT INTO `login_userinfo` VALUES (606, '', '', NULL, NULL, NULL, NULL, NULL, NULL, NULL, NULL, NULL, NULL, '', NULL, NULL, NULL, 0, 0, NULL);
INSERT INTO `login_userinfo` VALUES (607, '姜军', '15900368193', '590051', '海河教育园区分局', '赵天胜', '支队长', '刑侦支队', '4块腹肌', '〖每天健身1小时〗', '15900368193', '又懒又胖', '健康生活', '男', '相信自己，我能行', '超越自己', 'https://www.wjx.cn/wjx/viewfile.aspx?path=http%3a%2f%2fpubuserqiniu.paperol.cn%2f28164052_307_q11_vFrEhx0TcUW9k2EbjbbN4g.jpg%3fattname%3d307_11_973C16C5-90E4-43BC-9480-D2CAE19C4979.jpeg&activity=28164052', 229, 1, '26~30');
INSERT INTO `login_userinfo` VALUES (608, '徐彩乐', '18512278228', '023576', '海河教育园区分局', '姜军', '团委书记', '刑侦支队', '体能进步 修炼身型', '〖每天坚持健身一小时〗', '18512278228', '一般水平', '体能水平', '男', '我做我自己', '考验自己能不能专注', 'https://www.wjx.cn/wjx/viewfile.aspx?path=http%3a%2f%2fpubuserqiniu.paperol.cn%2f28164052_308_q11_nefBpXiaq0W51jzrGZRNCg.jpg%3fattname%3d309_11_image.jpg&activity=28164052', 230, 2, '31~40');
INSERT INTO `login_userinfo` VALUES (609, '邵颖旭', '17726091969', '590071', '海河教育园区分局', '王旭', '民警', '同砚路派出所', '对法律，物理有更深入的了解', '〖每天坚持看书2小时〗', '17726091969', '一般', '学业进修', '男', '(空)', '提高知识水平，学习各学科知识', 'https://www.wjx.cn/wjx/viewfile.aspx?path=http%3a%2f%2fpubuserqiniu.paperol.cn%2f28164052_321_q11_qotRH4QgVkakfvTTrOuGA.jpg%3fattname%3d321_11_E05B4984-5647-4FEA-8691-D7B51230B96C.jpeg&activity=28164052', 231, 3, '26~30');
INSERT INTO `login_userinfo` VALUES (610, '', '', NULL, NULL, NULL, NULL, NULL, NULL, NULL, NULL, NULL, NULL, '', NULL, NULL, NULL, 0, 0, NULL);
INSERT INTO `login_userinfo` VALUES (611, '李晓静', '13820770644', '250542', '公交分局', '李爽', '民警', '轻轨派出所', '学完一本书', '〖每天看书20页〗', '13820770644', '初级水平', '学业进修', '女', '(空)', '充实自我 助力公安工作', 'https://www.wjx.cn/wjx/viewfile.aspx?path=http%3a%2f%2fpubuserqiniu.paperol.cn%2f28164052_2_q11_WDdCkL3kL0WfiJkc4dRueg.jpg%3fattname%3d2_11_IMG_20180907_200528.jpg&activity=28164052', 232, 1, '26~30');
INSERT INTO `login_userinfo` VALUES (612, '刘海林', '15122770797', '250049', '公交分局', '白洋', '队长', '刑事侦查支队', '结束是最少单次俯卧撑达200个 ，单次平板支撑八分钟', '〖每日最少二百个俯卧撑和五分钟平板支撑，视情况运动量逐渐增长〗', '15122770797', '俯卧撑单次四十个，平板支撑单次一分钟', '体能水平', '男', '保持健康 为祖国健康奋斗五十年', '增加上肢力量及核心力量', 'https://www.wjx.cn/wjx/viewfile.aspx?path=http%3a%2f%2fpubuserqiniu.paperol.cn%2f28164052_8_q11_VNsv5YgQokygZvy4XHzLPQ.jpg%3fattname%3d8_11_wx_camera_1532156765344.jpg&activity=28164052', 233, 2, '26~30');
INSERT INTO `login_userinfo` VALUES (613, '孙晓晨', '15620616272', 'G04068', '公交分局', '王楠', '教导员', '勤俭道治安派出所', '每日10:30前准时睡觉  不喝碳酸饮料', '〖每日早睡 不喝碳酸饮料〗', '15620616272', '每日凌晨2-3点入睡', '健康生活', '女', '(空)', '身体素质差  精神状态不好', 'https://www.wjx.cn/wjx/viewfile.aspx?path=http%3a%2f%2fpubuserqiniu.paperol.cn%2f28164052_195_q11_kWNySaXmdkq5E4IeKjKRzg.jpg%3fattname%3d202_11_45263758-454F-48EB-B3AC-199857738C38.jpeg&activity=28164052', 234, 3, '26~30');
INSERT INTO `login_userinfo` VALUES (614, '张存帅', '19902003302', 'G00028', '公交分局', '李建', '教导员', '情报技术支队', '争取每天跑够3公里', '〖每天3公里！拳击，篮球练习〗', '19902003302', '坚持不了每天都跑够', '体能水平', '男', '坚持就是胜利✌️', '强身健体，提高自我！', 'https://www.wjx.cn/wjx/viewfile.aspx?path=http%3a%2f%2fpubuserqiniu.paperol.cn%2f28164052_206_q11_WqV5tGdgpkion40li7ZfNA.png%3fattname%3d207_11_IMG_6332.png&activity=28164052', 235, 4, '18~25');
INSERT INTO `login_userinfo` VALUES (615, '王懿', '13612123091', '250635', '公交分局', '范晓红', '民警', '指挥室', '每天跑步3㎞', '〖每天跑步3公里〗', '13612123091', '慢跑爱好者', '体能水平', '女', '(空)', '养成自律的好习惯', 'https://www.wjx.cn/wjx/viewfile.aspx?path=http%3a%2f%2fpubuserqiniu.paperol.cn%2f28164052_234_q11_ahcnqSXSLUqV0fGHYLKamA.jpg%3fattname%3d235_11_C352F65F-DE4B-42EF-B24C-A8BC66113F5F.jpeg&activity=28164052', 236, 5, '26~30');
INSERT INTO `login_userinfo` VALUES (616, '任国泰', '15022187409', '250194', '公交分局', '王莹', '天津站所综合室副主任', '天津站治安派出所', '戒掉喝咖啡', '〖一百天不喝咖啡〗', '15022187409', '一天最少两杯', '健康生活', '男', '一定戒掉喝咖啡', '熬夜的时候经常喝咖啡', 'https://www.wjx.cn/wjx/viewfile.aspx?path=http%3a%2f%2fpubuserqiniu.paperol.cn%2f28164052_270_q11_F2tr3suIr0qIb3qOeNVHA.jpg%3fattname%3d271_11_temp.jpg&activity=28164052', 237, 6, '26~30');
INSERT INTO `login_userinfo` VALUES (617, '刘俊秀', '18622063065', 'G05020', '公交分局', '李凯', '大队长', '地铁天津站治安派出所', '一百天内争取戒烟', '〖一百天不抽烟〗', '18622063065', '一天两包烟', '健康生活', '男', '我行我一定行', '抽烟有害健康和家人', 'https://www.wjx.cn/wjx/viewfile.aspx?path=http%3a%2f%2fpubuserqiniu.paperol.cn%2f28164052_287_q11_EqtjgO02ckSUqF3TPFExCg.jpg%3fattname%3d288_11_IMG_20180919_150259.jpg&activity=28164052', 238, 7, '26~30');
INSERT INTO `login_userinfo` VALUES (618, '张博', '18698000279', 'G08019', '公交分局', '杨继斌', '民警', '地铁营口道治安派出所', '每天步行1万步', '〖每天坚持步行1万步，身体锻炼，时时加强。〗', '18698000279', '每天步行5000步', '体能水平', '男', '不怕苦，不怕累，坚持到底。', '加强身体锻炼，提高身体素质，才能更好的完成自己的本质工作。', 'https://www.wjx.cn/wjx/viewfile.aspx?path=http%3a%2f%2fpubuserqiniu.paperol.cn%2f28164052_289_q11_HbJXisMG9ky81YZAxYSMpA.jpg%3fattname%3d293_11_IMG_20180919_152857.jpg&activity=28164052', 239, 8, '31~40');
INSERT INTO `login_userinfo` VALUES (619, '吕东洧', '15620872175', 'G08091', '公交分局', '杨继斌', '民警', '营口道派出所', '每天跑步2km', '〖每天跑步2km〗', '15620872175', '不跑步', '体能水平', '男', '(空)', '增强自己的体能水平，加强身体素质', 'https://www.wjx.cn/wjx/viewfile.aspx?path=http%3a%2f%2fpubuserqiniu.paperol.cn%2f28164052_296_q11_Nh47WpiFv0OiNTdKNVc36w.jpg%3fattname%3d297_11_D0380505-FA50-40D8-845A-5729D90539A4.jpeg&activity=28164052', 240, 9, '18~25');
INSERT INTO `login_userinfo` VALUES (620, '张世民', '18649039952', 'G10068', '公交分局', '刘阳', '轨道交通安保员', '轻轨治安派出所', '90kg', '〖每日五公里或徒手、器械锻炼〗', '18649039952', '105kg', '体能水平', '男', '养良好习惯，做自律青年！', '减肥', 'https://www.wjx.cn/wjx/viewfile.aspx?path=http%3a%2f%2fpubuserqiniu.paperol.cn%2f28164052_311_q11_gyg4fSCLp0a6uaaIuTMFxw.jpg%3fattname%3d315_11_IMG_20180919_164133.jpg&activity=28164052', 241, 10, '26~30');
INSERT INTO `login_userinfo` VALUES (621, '汤航宇', '15620975657', '250035', '公交分局', '孟庆夏', '民警', '地铁陈塘庄治安派出所', '能较熟练的用英语交流', '〖每天背十个英语单词〗', '15620975657', '英语三级', '学业进修', '男', '聚沙成塔，做更好的自己。', '由于本身英语基础较差，加上自身惰性与工作原因，一直没有坚持学习英语。希望借此机会挑战自我，掌握一门外语。', 'https://www.wjx.cn/wjx/viewfile.aspx?path=http%3a%2f%2fpubuserqiniu.paperol.cn%2f28164052_323_q11_H9ovIJFkIEO5NJziJ7cXjQ.jpg%3fattname%3d324_11_EE8184DF-706E-44B9-9524-8EE8C725C221.jpeg&activity=28164052', 242, 11, '18~25');
INSERT INTO `login_userinfo` VALUES (622, '李非凡', '18920518158', '250651', '公交分局', '杨明', '安保支队三大队教导员', '安保支队三大队', '通过英语四级考试', '〖提高英语水平〗', '18920518158', '只能进行基本的口语对话，单词量不过关', '学业进修', '男', '努力挑战自我，终将克服难关', '自身英语羸弱，想要认真学习', 'https://www.wjx.cn/wjx/viewfile.aspx?path=http%3a%2f%2fpubuserqiniu.paperol.cn%2f28164052_329_q11_xsOYnbniLUqlRrHWSYQ7sg.jpg%3fattname%3d329_11_mmexport1536142193183.jpg&activity=28164052', 243, 12, '18~25');
INSERT INTO `login_userinfo` VALUES (623, '范世杰', '13602162376', 'G02046', '公交分局', '戈乾', '民警', '西站所', '优秀', '〖每天坚持锻炼一小时〗', '13602162376', '一般', '体能水平', '女', '青年强 则国强 强身健体 磨练意志', '强身健体，磨练意志，训练出过硬身体素质', 'https://www.wjx.cn/wjx/viewfile.aspx?path=http%3a%2f%2fpubuserqiniu.paperol.cn%2f28164052_332_q11_JCf3SU0pJUS0cQIqoW1iQA.jpg%3fattname%3d332_11_mmexport1537355666979.jpg&activity=28164052', 244, 13, '26~30');
INSERT INTO `login_userinfo` VALUES (624, '卢辰', '18649023011', 'G11118', '公交分局', '张维', '民警', '轨道交通鞍山西道所', '大学水平', '〖英语〗', '18649023011', '初中水平', '学业进修', '男', '我坚信 我定能成功', '提高英语水平', 'https://www.wjx.cn/wjx/viewfile.aspx?path=http%3a%2f%2fpubuserqiniu.paperol.cn%2f28164052_351_q11_DGRm3eHIeUOoFkQqVyUEQ.jpg%3fattname%3d351_11_IMG_20180920_100800.jpg&activity=28164052', 245, 14, '18~25');
INSERT INTO `login_userinfo` VALUES (625, '程业东', '18222268400', '250061', '公交分局', '齐子刚', '教导员', '南站治安派出所', '减重十斤，20分钟内轻松完成两千米跑和一百个俯卧撑', '〖每天锻炼一小时〗', '18222268400', '体重偏胖，体力偏弱', '体能水平', '男', '积少成多，水滴石穿', '不断突破自己，增强体魄，以更好的状态更强健的体魄投入工作', 'https://www.wjx.cn/wjx/viewfile.aspx?path=http%3a%2f%2fpubuserqiniu.paperol.cn%2f28164052_352_q11_67G7D55SC0K1phadpJwnWA.jpg%3fattname%3d353_11_IMG_4370.jpg&activity=28164052', 246, 15, '26~30');
INSERT INTO `login_userinfo` VALUES (626, '岳广', '13752249020', 'G03059', '公交分局', '苏蕾', '民警', '文化中心派出所', '取得初级消防员证书', '〖考取初级消防员证书〗', '13752249020', '了解地铁发生火灾时的逃生技巧', '学业进修', '男', '千里之行始于足下', '作为天津市公安局公交分局文化中心派出所的一名辅警，协助民警保护乘客安全，反恐处突是我们的责任和义务，但地铁站内的火灾隐患同样威胁着乘客的安全，防火同样重要，世界其它国家因地铁站内火灾造成的伤亡事故并不罕见，我们应该引起高度重视，为了乘客的人身安全，我志愿参加消防员培训，考取初级消防员资格证书，并将学到的知识运用到工作中，消除站内火灾隐患，为老百姓平安出行做出自己的贡献。', 'https://www.wjx.cn/wjx/viewfile.aspx?path=http%3a%2f%2fpubuserqiniu.paperol.cn%2f28164052_394_q11_98ewoNCbwEaoI2NaVdJgGQ.jpg%3fattname%3d394_11_mmexport1537437903823.jpg&activity=28164052', 247, 16, '31~40');
INSERT INTO `login_userinfo` VALUES (627, '赵思聪', '18002001618', '250642', '公交分局', '李振宇', '教导员', '芥园西道治安派出所', '90天，5公里', '〖90天5km〗', '18002001618', '一般', '体能水平', '男', '(空)', '挑战自我', 'https://www.wjx.cn/wjx/viewfile.aspx?path=http%3a%2f%2fpubuserqiniu.paperol.cn%2f28164052_402_q11_yuJ32EioCU2lqyvnmnk2Qg.jpg%3fattname%3d403_11_273565FF-ED51-47E6-8BA1-138DD6920387.jpeg&activity=28164052', 248, 17, '18~25');
INSERT INTO `login_userinfo` VALUES (628, '', '', NULL, NULL, NULL, NULL, NULL, NULL, NULL, NULL, NULL, NULL, '', NULL, NULL, NULL, 0, 0, NULL);
INSERT INTO `login_userinfo` VALUES (629, '刘天楠', '13821890838', '680049', '反恐怖工作总队', '贾博', '民警', '三支队', '达标', '〖坚持每天读党建的材料〗', '13821890838', '一般', '政治素养', '男', '勇当讲的政治排头兵', '提升政治站位，加强学习', 'https://www.wjx.cn/wjx/viewfile.aspx?path=http%3a%2f%2fpubuserqiniu.paperol.cn%2f28164052_10_q11_QDSg0ndbWk29m04fwIiqoA.jpg%3fattname%3d10_11_0D0735D8-9403-467A-A9E7-BE289C225325.jpeg&activity=28164052', 249, 1, '26~30');
INSERT INTO `login_userinfo` VALUES (630, '张励君', '15900279844', '680032', '反恐怖工作总队', '杨磊', '团支部书记', '一支队', '深入体会政治建警的深刻精神。', '〖每天读10页党章〗', '15900279844', '了解政治建警的意义。', '政治素养', '男', '(空)', '政治建警', 'https://www.wjx.cn/wjx/viewfile.aspx?path=http%3a%2f%2fpubuserqiniu.paperol.cn%2f28164052_39_q11_ds4EUCDRN0qYzEVySHTZNg.jpg%3fattname%3d40_11_IMG_20180513_100042.jpg&activity=28164052', 250, 2, '18~25');
INSERT INTO `login_userinfo` VALUES (631, '王泽鹏', '13512956229', '680035', '反恐怖工作总队', '杨磊', '团支部书记', '二支队', '150', '〖每周打一场球〗', '13512956229', '170', '体能水平', '男', '一定行', '胖', 'https://www.wjx.cn/wjx/viewfile.aspx?path=http%3a%2f%2fpubuserqiniu.paperol.cn%2f28164052_82_q11_T6ZoXoyq9kCkic37XUjaA.jpg%3fattname%3d86_11_IMG_20180827_124139.jpg&activity=28164052', 251, 3, '18~25');
INSERT INTO `login_userinfo` VALUES (632, '刘睿', '13820131475', '680037', '反恐怖工作总队', '贾博', '科员', '三支队', '通读公安业务用书三本', '〖学习公安业务用书〗', '13820131475', '无', '业务能力', '男', '(空)', '提升业务素养能力', 'https://www.wjx.cn/wjx/viewfile.aspx?path=http%3a%2f%2fpubuserqiniu.paperol.cn%2f28164052_104_q11_KV0JrSuSRki3gxn3qQUUIw.jpg%3fattname%3d106_11_thridFirstLogin_1531634389063.jpg&activity=28164052', 252, 4, '18~25');
INSERT INTO `login_userinfo` VALUES (633, '', '', NULL, NULL, NULL, NULL, NULL, NULL, NULL, NULL, NULL, NULL, '', NULL, NULL, NULL, 0, 0, NULL);
INSERT INTO `login_userinfo` VALUES (634, '孙鹏', '18202204770', '371063', '东丽分局', '马磊', '东丽分局政治处民警', '万新派出所', '无限接近全马3小时30分', '〖每天至少跑5公里〗', '18202204770', '全马4小时12分', '体能水平', '男', '按部就班做好自己该做的，百难唯热爱不破！', '争取全马水平继续提高', 'https://www.wjx.cn/wjx/viewfile.aspx?path=http%3a%2f%2fpubuserqiniu.paperol.cn%2f28164052_9_q11_RaXIpMQJN0iA748Ef7sAGg.jpg%3fattname%3d9_11_F70808AC-E02C-4386-9F3C-793C6AE770C4.jpeg&activity=28164052', 253, 1, '31~40');
INSERT INTO `login_userinfo` VALUES (635, '冯建杰', '18920329896', 'ZA0057', '东丽分局', '梁伯军', '警长', '钢管治安派出所', '达到标准', '〖每天跑步3公里，30俯卧撑练习〗', '18920329896', '一般', '体能水平', '男', '争先是我们的习惯，突破是我们的她，态度', '加强体育锻炼增强自身素质', 'https://www.wjx.cn/wjx/viewfile.aspx?path=http%3a%2f%2fpubuserqiniu.paperol.cn%2f28164052_173_q11_M2cDQnstXUyfwft9q2yLiQ.jpg%3fattname%3d197_11_37A8DBE6-4534-4EAC-8D24-92A623276BDD.jpeg&activity=28164052', 254, 2, '31~40');
INSERT INTO `login_userinfo` VALUES (636, '邓磊', '18002091686', '371222', '东丽分局', '李彤', '民警', '华明派出所', '高级', '〖坚持业务知识学习和实践锻炼，进一步提升个人业务水平〗', '18002091686', '中等', '业务能力', '男', '(空)', '为突破自身极限，积极进取的工作，日后更好的投身工作', 'https://www.wjx.cn/wjx/viewfile.aspx?path=http%3a%2f%2fpubuserqiniu.paperol.cn%2f28164052_249_q11_QT6AQ0yWxUiLpMqJN5fYw.jpg%3fattname%3d257_11_2BBBE312-AC9A-4305-B1EE-FE8E5C534815.jpeg&activity=28164052', 255, 3, '26~30');
INSERT INTO `login_userinfo` VALUES (637, '马择宇', '18812635268', '371345', '东丽分局', '王书安', '政委', '开发区派出所', '每周一篇', '〖坚持写作〗', '18812635268', '每月一篇', '其他方面', '男', '铁肩担道义，妙手著文章！生命不息，笔耕不辍！', '让笔杆子永远不停歇！', 'https://www.wjx.cn/wjx/viewfile.aspx?path=http%3a%2f%2fpubuserqiniu.paperol.cn%2f28164052_311_q11_YFoufWiAJU2O7L7xbHwHg.jpg%3fattname%3d313_11_6EA24AEE-37B9-4034-99BA-F82CBCB359B9.jpeg&activity=28164052', 256, 4, '18~25');
INSERT INTO `login_userinfo` VALUES (638, '', '', NULL, NULL, NULL, NULL, NULL, NULL, NULL, NULL, NULL, NULL, '', NULL, NULL, NULL, 0, 0, NULL);
INSERT INTO `login_userinfo` VALUES (639, '曹玥', '17695580178', '080178', '出入境管理局', '窦峥', '科员', '二科', '51㎏', '〖瘦身10斤〗', '17695580178', '55.7㎏', '健康生活', '女', '世上无难事，只要肯坚持！', '希望体态更好，争取体脂能降下来', 'https://www.wjx.cn/wjx/viewfile.aspx?path=http%3a%2f%2fpubuserqiniu.paperol.cn%2f28164052_344_q11_O9zwFeCK0iX9fVdsYpRg.jpg%3fattname%3d344_11_F1B67C51-F4B7-49CE-A5EE-893F578793F0.jpeg&activity=28164052', 257, 1, '31~40');
INSERT INTO `login_userinfo` VALUES (640, '张亚楠', '15222770775', '080185', '出入境管理局', '姚文丹', '科员', '二支队', '完成五支一分钟左右的舞蹈片段', '〖平均每天一小时爵士舞练习〗', '15222770775', '基本动作练习，比较连贯顺畅', '体能水平', '女', '重在参与', '希望通过挑战使自己爵士舞水平有一个新的提高', 'https://www.wjx.cn/wjx/viewfile.aspx?path=http%3a%2f%2fpubuserqiniu.paperol.cn%2f28164052_352_q11_uNIRY1E6pkuJAzoIOKMoDQ.jpg%3fattname%3d354_11_F5209A48-9F1E-4340-B6F0-C46232039F9A.jpeg&activity=28164052', 258, 2, '26~30');
INSERT INTO `login_userinfo` VALUES (641, '郭新宇', '13622104301', '080202', '出入境管理局', '宋长欣', '副科长', '证照管理处', '高级工程师', '〖高级软件工程师考试〗', '13622104301', '助理工程师', '学业进修', '男', '(空)', '立足本岗，科技强警', 'https://www.wjx.cn/wjx/viewfile.aspx?path=http%3a%2f%2fpubuserqiniu.paperol.cn%2f28164052_359_q11_SgfH0Ce025oOnt2tHEw.jpg%3fattname%3d359_11_mmexport1534128537596.jpg&activity=28164052', 259, 3, '26~30');
INSERT INTO `login_userinfo` VALUES (642, '张书迅', '15122388725', '080138', '出入境管理局', '燕林', '科员', '口岸签证处', '3分30秒', '〖1000米跑〗', '15122388725', '4分30秒', '体能水平', '男', '(空)', '减肥', 'https://www.wjx.cn/wjx/viewfile.aspx?path=http%3a%2f%2fpubuserqiniu.paperol.cn%2f28164052_359_q11_9HRX7UY0a1c0UkiQn7jg.jpg%3fattname%3d360_11_IMG_20151119_101502.jpg&activity=28164052', 260, 4, '31~40');
INSERT INTO `login_userinfo` VALUES (643, '曹毅', '13820816042', '080135', '出入境管理局', '丛沛', '教导', '六科', '5Km20分以内', '〖体能和线条〗', '13820816042', '正常', '体能水平', '男', '希望不止百日', '健康第一', 'https://www.wjx.cn/wjx/viewfile.aspx?path=http%3a%2f%2fpubuserqiniu.paperol.cn%2f28164052_360_q11_7cgxkvgkemd5wCLc4Dw.jpg%3fattname%3d362_11_C64D70B9-CDDF-4486-AF95-2146ED89E428.jpeg&activity=28164052', 261, 5, '31~40');
INSERT INTO `login_userinfo` VALUES (644, '燕林', '13642157707', '080151', '出入境管理局', '张书迅', '口岸签证处海港科科员', '口岸签证处', '每天跑步2km', '〖每天跑步2km〗', '13642157707', '每天跑步1km左右', '体能水平', '男', '积极参与 坚决执行', '强身健体 更好地服务于公安工作', 'https://www.wjx.cn/wjx/viewfile.aspx?path=http%3a%2f%2fpubuserqiniu.paperol.cn%2f28164052_359_q11_bnCnNyqmK0G5SOuTITsMg.jpg%3fattname%3d363_11_IMG_20180913_215921.jpg&activity=28164052', 262, 6, '31~40');
INSERT INTO `login_userinfo` VALUES (645, '刘倩妤', '18622998149', '080208', '出入境管理局', '邵津生', '五科科长', '五科', '每天坚持锻炼 或者去健身房 或者在家划船机', '〖每天坚持运动一小时〗', '18622998149', '一个季度没去过健身房 健身次数寥寥无几', '体能水平', '女', '百日挑战 贵在坚持', '工作忙碌的时候经常偷懒，办了两个健身房的健身卡都荒废了', 'https://www.wjx.cn/wjx/viewfile.aspx?path=http%3a%2f%2fpubuserqiniu.paperol.cn%2f28164052_359_q11_ZvL5IAVwpEbPkTPuVCrow.jpg%3fattname%3d364_11_629A9362-14A5-4E56-A4C0-69AA650F2509.jpeg&activity=28164052', 263, 7, '26~30');
INSERT INTO `login_userinfo` VALUES (646, '仇轶鑫', '13702018946', '080150', '出入境管理局', '杨立泉', '科长', '二科', '150', '〖减肥15斤〗', '13702018946', '165', '体能水平', '男', '不要当死胖子', '太胖', 'https://www.wjx.cn/wjx/viewfile.aspx?path=http%3a%2f%2fpubuserqiniu.paperol.cn%2f28164052_365_q11_yMBAxaAOTEqdvg4Bmkbtg.jpg%3fattname%3d365_11_4E80D6D8-D47A-45CC-98E8-67DE69101AD1.jpeg&activity=28164052', 264, 8, '31~40');
INSERT INTO `login_userinfo` VALUES (647, '唐昊', '13920108989', '080145', '出入境管理局', '张征', '15102208832', '分局业务指导科', '每天2km', '〖每天跑步2km〗', '13920108989', '很少运动', '体能水平', '男', '(空)', '锻炼身体增强体质', 'https://www.wjx.cn/wjx/viewfile.aspx?path=http%3a%2f%2fpubuserqiniu.paperol.cn%2f28164052_368_q11_mCsPLonXIk6YXlfYuHhr3w.jpg%3fattname%3d368_11_2F62B5F0-D845-48D3-9F85-8485707EE985.jpeg&activity=28164052', 265, 9, '31~40');
INSERT INTO `login_userinfo` VALUES (648, '邵雯', '15922261564', '080001', '出入境管理局', '赵昕', '文员', '警保处', '坚持每天10：30睡觉', '〖坚持每天10：30睡觉〗', '15922261564', '没有固定睡眠时间，午夜左右睡觉', '健康生活', '女', '(空)', '良好的作息习惯的养成是学习工作的基础，只有拥有饱满的精神，才能更好的完成下一步的工作目标，我觉得此项挑战不仅能保证自身充满活力同时是一切活动的基础。', 'https://www.wjx.cn/wjx/viewfile.aspx?path=http%3a%2f%2fpubuserqiniu.paperol.cn%2f28164052_367_q11_Qo91jCrhF0CxBHzc1AK0eQ.jpg%3fattname%3d369_11_BD963E5A-F070-44F4-858E-1A42A802EC2E.jpeg&activity=28164052', 266, 10, '26~30');
INSERT INTO `login_userinfo` VALUES (649, '李健雄', '13820953966', '080198', '出入境管理局', '孔若愚', '法制办主任', '法制办', '业余中高级', '〖掌握滑雪技能〗', '13820953966', '业余初级', '体能水平', '男', '不管咋的，就是整！', '我在东北出生，为了助力冬奥会，强身健体，我准备熟练掌握滑雪技能', 'https://www.wjx.cn/wjx/viewfile.aspx?path=http%3a%2f%2fpubuserqiniu.paperol.cn%2f28164052_369_q11_ibEg8Ta6uUSs8QNkjquARg.jpg%3fattname%3d370_11_IMG_20180918_182031.jpg&activity=28164052', 267, 11, '26~30');
INSERT INTO `login_userinfo` VALUES (650, '岳阳', '15122112596', '080201', '出入境管理局', '刘越', '科员', '中国公民受理科', '一周游泳三次  健身六天', '〖游泳健身〗', '15122112596', '办完卡基本没去健身过', '健康生活', '男', '挑战自我 成就未来', '强壮体魄  锻炼毅力', 'https://www.wjx.cn/wjx/viewfile.aspx?path=http%3a%2f%2fpubuserqiniu.paperol.cn%2f28164052_371_q11_iVAbF1YPGk2Lwku9eFLtA.jpg%3fattname%3d371_11_IMG_20180920_151700.jpg&activity=28164052', 268, 12, '26~30');
INSERT INTO `login_userinfo` VALUES (651, '孙毓良', '13662125926', '080141', '出入境管理局', '刘长青', '外国人签证科科长', '外国人签证科', '熟练掌握签证业务知识', '〖每天学习签证业务知识〗', '13662125926', '一般', '业务能力', '男', '(空)', '从事外国人签证工作近十年，感到业务知识仍有欠缺', 'https://www.wjx.cn/wjx/viewfile.aspx?path=http%3a%2f%2fpubuserqiniu.paperol.cn%2f28164052_371_q11_9oFfSosOJ0mOU5quecwEQ.jpg%3fattname%3d373_11_IMG_20180920_152338.jpg&activity=28164052', 269, 13, '31~40');
INSERT INTO `login_userinfo` VALUES (652, '王伟', '13821226532', '080094', '出入境管理局', '杜强', '民警', '7科', '晚10点半睡觉，早7点起床，喝白开水', '〖晚10点半睡觉，早7点起床，喝白开水〗', '13821226532', '晚12点睡觉，早7点半起床，喝饮料', '健康生活', '男', '我一定行', '健康的身体最重要', 'https://www.wjx.cn/wjx/viewfile.aspx?path=http%3a%2f%2fpubuserqiniu.paperol.cn%2f28164052_378_q11_urYFxpHrSEKloaSTUC21wg.jpg%3fattname%3d380_11_IMG_20180920_155524.jpg&activity=28164052', 270, 14, '31~40');
INSERT INTO `login_userinfo` VALUES (653, '郭帅', '17695500622', '080143', '出入境管理局', '何钧', '科长', '二科', '体脂率降低', '〖每天坚持去健身房锻炼〗', '17695500622', '一般', '体能水平', '女', '(空)', '提升身体素质，强健体魄', 'https://www.wjx.cn/wjx/viewfile.aspx?path=http%3a%2f%2fpubuserqiniu.paperol.cn%2f28164052_384_q11_23xRfWexSEqLhcugOwXLA.jpg%3fattname%3d384_11_CC366F98-B3BD-4BCD-8FB6-98AA50079427.jpeg&activity=28164052', 271, 15, '18~25');
INSERT INTO `login_userinfo` VALUES (654, '张双玥', '15202275270', 'W080073', '出入境管理局', '何钧', '科长', '二科', '加强身体健康', '〖每天坚持有氧课程〗', '15202275270', '普通', '体能水平', '女', '相信自己', '提高身体素质', 'https://www.wjx.cn/wjx/viewfile.aspx?path=http%3a%2f%2fpubuserqiniu.paperol.cn%2f28164052_384_q11_GAtebRNJjU6PA39hnFF56Q.jpg%3fattname%3d385_11_4EF3AF98-D4D5-4AA2-80A2-F33109DB7A29.jpeg&activity=28164052', 272, 16, '18~25');
INSERT INTO `login_userinfo` VALUES (655, '宁旭', '17694850107', '080045', '出入境管理局', '何钧', '科长', '二科', '让体重减轻', '〖每天骑自行车20分钟〗', '17694850107', '中等', '体能水平', '女', '好好跑步 天天健康', '想让自己体重可以下降一点', 'https://www.wjx.cn/wjx/viewfile.aspx?path=http%3a%2f%2fpubuserqiniu.paperol.cn%2f28164052_385_q11_qTmbG9r50y87NUYi6m1kQ.jpg%3fattname%3d386_11_7BCD34E7-F8AD-4F1A-B828-4D7FEDC32CEC.jpeg&activity=28164052', 273, 17, '26~30');
INSERT INTO `login_userinfo` VALUES (656, '', '', NULL, NULL, NULL, NULL, NULL, NULL, NULL, NULL, NULL, NULL, '', NULL, NULL, NULL, 0, 0, NULL);
INSERT INTO `login_userinfo` VALUES (657, '杨震', '13920558877', '580211', '滨海新区公安局', '刘浪', '民警', '出入境管理处', '五公里二十五分钟', '〖隔天一个五公里〗', '13920558877', '五公里三十五分钟', '体能水平', '男', '卧薪尝胆，三千越甲可吞吴', '锻炼意志品质', 'https://www.wjx.cn/wjx/viewfile.aspx?path=http%3a%2f%2fpubuserqiniu.paperol.cn%2f28164052_12_q11_ze1FH0l9REyihM5vM3LIQQ.jpg%3fattname%3d12_11_IMG_20161230_173328.jpg&activity=28164052', 274, 1, '26~30');
INSERT INTO `login_userinfo` VALUES (658, '邓振宇', '13752198957', '581793', '滨海新区公安局', '徐辉', '警长', '交管分局大港支队港北大队', '争做百日争先标兵', '〖增强为民服务意识〗', '13752198957', '正处在直达水平上升期', '业务能力', '男', '人有恒心，心怀群众！', '希望进一步提高执法水平', 'https://www.wjx.cn/wjx/viewfile.aspx?path=http%3a%2f%2fpubuserqiniu.paperol.cn%2f28397784_38_q11_mcwt8rHbckiQG2xCIj4j0g.jpg%3fattname%3d40_11_mmexport1537515907443.jpg&activity=28397784', 275, 2, '26~30');
INSERT INTO `login_userinfo` VALUES (659, '吴培嶢', '15501050802', '581833', '滨海新区公安局', '李鑫', '科员', '大港支队太平村大队', '100天内，使用CAD完成管届内灯控交叉口渠化图绘制', '〖迅速成长为一名合格的人民警察！〗', '15501050802', '无相关基础', '业务能力', '男', '延承公安传统，创新突破发展！', '希望提升业务水平，为优化路口消除隐患建立台账', 'https://www.wjx.cn/wjx/viewfile.aspx?path=http%3a%2f%2fpubuserqiniu.paperol.cn%2f28397784_41_q11_xub6P3bQZkm1mcqnYHBbYA.jpg%3fattname%3d45_11_%25e5%2590%25b4%25e4%25bd%25a9%25e5%25b3%25a3.jpg&activity=28397784', 276, 3, '18~25');
INSERT INTO `login_userinfo` VALUES (660, '高敏铜', '13602002004', '581608', '滨海新区公安局', '蒋涛', '汉沽支队河西大队副大队长', '交通管理分局汉沽支队河西大队', '做一名政治，业务水平过硬的一名合格警察', '〖提升业务知识，提高政治素养〗', '13602002004', '新入职民警正在学习业务知识', '业务能力', '男', '学习业务知识，规范执法环境，提高政治素养。', '见习民警提升业务知识，规范执法环境', 'https://www.wjx.cn/wjx/viewfile.aspx?path=http%3a%2f%2fpubuserqiniu.paperol.cn%2f28397784_52_q11_lOvUtpm2Ug6ykXvGPsrw.jpg%3fattname%3d59_11_01D1FF01-877F-4E3C-BD06-42DC56639D8A.jpeg&activity=28397784', 277, 4, '18~25');
INSERT INTO `login_userinfo` VALUES (661, '', '', NULL, NULL, NULL, NULL, NULL, NULL, NULL, NULL, NULL, NULL, '', NULL, NULL, NULL, 0, 0, NULL);
INSERT INTO `login_userinfo` VALUES (662, '王绍宇', '18526824339', 'XJ0521', '滨海塘沽分局', '田然', '民警', '新城派出所', '戒断', '〖戒烟〗', '18526824339', '每日一包烟', '健康生活', '男', '我戒烟我健康', '吸烟有害健康', 'https://www.wjx.cn/wjx/viewfile.aspx?path=http%3a%2f%2fpubuserqiniu.paperol.cn%2f28164052_21_q11_OYmGRXPn0K5ZCqJnQKMqA.jpg%3fattname%3d21_11_FBA32B06-AFEE-4529-B733-B0DD022A1F16.jpeg&activity=28164052', 278, 1, '18~25');
INSERT INTO `login_userinfo` VALUES (663, '任勇', '17822046069', 'Xj0507', '滨海塘沽分局', '田然', '内勤', '新城派出所', '彻底戒掉', '〖戒烟〗', '17822046069', '一天一包烟', '健康生活', '男', '我戒烟我健康', '戒烟', 'https://www.wjx.cn/wjx/viewfile.aspx?path=http%3a%2f%2fpubuserqiniu.paperol.cn%2f28164052_22_q11_ccUTZl1pPkKOVYQdFekcwA.jpg%3fattname%3d22_11_mmexport1537237663842.jpg&activity=28164052', 279, 2, '18~25');
INSERT INTO `login_userinfo` VALUES (664, '刁安然', '18322042283', '321275', '滨海塘沽分局', '王洪玺', '科员', '刑侦支队四大队', '坚持跑步100天', '〖坚持每日跑步〗', '18322042283', '不跑步', '体能水平', '男', '今天我们在起点互相观望，100天后我在终点为你加油', '强身健体', 'https://www.wjx.cn/wjx/viewfile.aspx?path=http%3a%2f%2fpubuserqiniu.paperol.cn%2f28164052_29_q11_hU6doq9dkprCWhehvPDA.jpg%3fattname%3d29_11_B1FA15D4-8E80-4A66-9DE7-4B2B3FC2B573.jpeg&activity=28164052', 280, 3, '26~30');
INSERT INTO `login_userinfo` VALUES (665, '屈瑞', '15122301100', 'HZ1047', '滨海塘沽分局', '李瑞勇', '内勤民警', '新河派出所', '减脂5斤', '〖每日健身〗', '15122301100', '初学者', '体能水平', '男', '自律使我自由', '增强身体各方面机能，突破自我，控制自我，自律使我自由', 'https://www.wjx.cn/wjx/viewfile.aspx?path=http%3a%2f%2fpubuserqiniu.paperol.cn%2f28164052_46_q11_FZFp98jhBEWpmEBykwIJg.jpg%3fattname%3d46_11_5DBBF50C-56E2-49BA-BD48-3F82DE23B0AC.jpeg&activity=28164052', 281, 4, '31~40');
INSERT INTO `login_userinfo` VALUES (666, '王客雄', '15222256099', '321315', '滨海塘沽分局', '王晓东', '侦查员', '刑侦支队一大队', '每天半个小时锻炼', '〖每天健身半个小时〗', '15222256099', '无锻炼', '体能水平', '男', '我行、我行、一定行', '放下手机，突破自己，锻炼身体', 'https://www.wjx.cn/wjx/viewfile.aspx?path=http%3a%2f%2fpubuserqiniu.paperol.cn%2f28164052_81_q11_2hvT9KWE2MKkg24hQM8A.jpg%3fattname%3d84_11_6AF1F7C4-108F-47F8-B684-BD7B56987B04.jpeg&activity=28164052', 282, 5, '18~25');
INSERT INTO `login_userinfo` VALUES (667, '张英凯', '15620191088', '321322', '滨海塘沽分局', '陈柱成', '民警', '大沽派出所', '每周学做三道菜', '〖每周学做三道菜〗', '15620191088', '只会做方便面', '健康生活', '男', '每周学做三道菜，一起来吧！', '减轻父母的家务负担', 'https://www.wjx.cn/wjx/viewfile.aspx?path=http%3a%2f%2fpubuserqiniu.paperol.cn%2f28164052_165_q11_OkBrRfvYIkiGGuID902ILQ.jpg%3fattname%3d169_11_mmexport1537321086116.jpg&activity=28164052', 283, 6, '26~30');
INSERT INTO `login_userinfo` VALUES (668, '马靖武', '13821088001', '320683', '滨海塘沽分局', '李金龙', '警长', '新港派出所', '一周3次', '〖一周3次健身房力量锻炼〗', '13821088001', '一周2次', '体能水平', '男', '(空)', '提高身体素质', 'https://www.wjx.cn/wjx/viewfile.aspx?path=http%3a%2f%2fpubuserqiniu.paperol.cn%2f28164052_191_q11_EZ4YCSBNNUGwcPv4LB2xLg.jpg%3fattname%3d193_11_8C19C0FD-8D7A-4E27-9690-6D44C47CA4CA.jpeg&activity=28164052', 284, 7, '26~30');
INSERT INTO `login_userinfo` VALUES (669, '高博文', '18622649616', '320766', '滨海塘沽分局', '李济同', '民警', '新北派出所', '偏高水平', '〖每天跑步〗', '18622649616', '普通', '体能水平', '男', '百日争先，突破自我', '增强体魄，更好的为人民服务', 'https://www.wjx.cn/wjx/viewfile.aspx?path=http%3a%2f%2fpubuserqiniu.paperol.cn%2f28164052_224_q11_RbOdGBWECuFURllmUO1w.jpg%3fattname%3d228_11_BADCADFE-03AF-4C33-9D0F-399E1932B50B.jpeg&activity=28164052', 285, 8, '18~25');
INSERT INTO `login_userinfo` VALUES (670, '李济同', '13602187338', '320832', '滨海塘沽分局', '高博文', '民警', '新北派出所', '通过初级执法资格考试', '〖每天学习公安基础知识书籍〗', '13602187338', '初级', '业务能力', '男', '天道酬勤', '业务知识和能力不强', 'https://www.wjx.cn/wjx/viewfile.aspx?path=http%3a%2f%2fpubuserqiniu.paperol.cn%2f28164052_230_q11_tAB4iFq7EE6nuGI9yTi6ZQ.jpg%3fattname%3d236_11_26BB6EA5-1A4C-49DF-B9E8-92FD4EF5E138.jpeg&activity=28164052', 286, 9, '26~30');
INSERT INTO `login_userinfo` VALUES (671, '张琳', '13302018259', '320385', '滨海塘沽分局', '李勇', '副所长', '中心商务区派出所', '主要提高口语', '〖英语〗', '13302018259', '能看懂简单的句子，开口难', '学业进修', '女', '提高自身能力，服务中外群众', '我是一名基层派出所户籍内勤兼管外事，随着于家堡响螺湾地区日益发展，外国人在津投资、就业逐渐增多，在给外国人登记核查时英语交流存在一定问题，希望通过这次自我挑战学习一些简单询问日常的口语', 'https://www.wjx.cn/wjx/viewfile.aspx?path=http%3a%2f%2fpubuserqiniu.paperol.cn%2f28164052_355_q11_V19LyKHzHk6FXDwAfD9JvQ.jpg%3fattname%3d355_11_IMG_20180312_094921.jpg&activity=28164052', 287, 10, '31~40');
INSERT INTO `login_userinfo` VALUES (672, '', '', NULL, NULL, NULL, NULL, NULL, NULL, NULL, NULL, NULL, NULL, '', NULL, NULL, NULL, 0, 0, NULL);
INSERT INTO `login_userinfo` VALUES (673, '周煜森', '15122860500', '330490', '滨海汉沽分局', '李凯', '民警', '寨上派出所', '继续提高', '〖每周三到五次力量训练〗', '15122860500', '有较高的力量训练水平', '体能水平', '男', '(空)', '突破自我', 'https://www.wjx.cn/wjx/viewfile.aspx?path=http%3a%2f%2fpubuserqiniu.paperol.cn%2f28164052_20_q11_zk91qvfvE2TO2Ap8eqO6g.jpg%3fattname%3d20_11_0A440D08-AD77-41DE-9563-18C178D02B9E.jpeg&activity=28164052', 288, 1, '18~25');
INSERT INTO `login_userinfo` VALUES (674, '杨开达', '13352019685', '330493', '滨海汉沽分局', '李凯', '内勤', '寨上派出所', '75kg', '〖每天跑步5km〗', '13352019685', '85kg', '体能水平', '男', '(空)', '减体重', 'https://www.wjx.cn/wjx/viewfile.aspx?path=http%3a%2f%2fpubuserqiniu.paperol.cn%2f28164052_20_q11_Cp0ESGjktUaWg9Pg2XZ2xw.jpg%3fattname%3d27_11_8894E17F-5673-46CC-B345-055FCF5CC2EC.jpeg&activity=28164052', 289, 2, '18~25');
INSERT INTO `login_userinfo` VALUES (675, '徐进', '13174899500', '330495', '滨海汉沽分局', '窦宇', '副警长', '寨上派出所', '高', '〖少喝饮料多喝水〗', '13174899500', '一般', '健康生活', '男', '(空)', '突破自我', 'https://www.wjx.cn/wjx/viewfile.aspx?path=http%3a%2f%2fpubuserqiniu.paperol.cn%2f28164052_111_q11_Q2szR4xUe0ONMc4ParjpJg.jpg%3fattname%3d112_11_02808C55-39B5-4153-9AF9-A0C046E0E375.jpeg&activity=28164052', 290, 3, '18~25');
INSERT INTO `login_userinfo` VALUES (676, '杨一鸣', '15522977158', '330481', '滨海汉沽分局', '赵岩', '警长', '寨上派出所', '加强自身优势', '〖每天早睡早起〗', '15522977158', '工作没有紧迫感', '健康生活', '男', '始终坚持二十英里法则', '意志力薄弱', 'https://www.wjx.cn/wjx/viewfile.aspx?path=http%3a%2f%2fpubuserqiniu.paperol.cn%2f28164052_113_q11_46saUjIBkqzrDm0jhFWg.jpg%3fattname%3d116_11_IMG_2886.jpg&activity=28164052', 291, 4, '18~25');
INSERT INTO `login_userinfo` VALUES (677, '赵龙', '15902203255', '330421', '滨海汉沽分局', '马志杰', '民警', '巡警支队', '减肥10斤', '〖一般〗', '15902203255', '一般', '体能水平', '男', '坚持就是胜利✌️', '想锻炼', 'https://www.wjx.cn/wjx/viewfile.aspx?path=http%3a%2f%2fpubuserqiniu.paperol.cn%2f28164052_224_q11_y8xz44YN02OW1YfAn10aQ.jpg%3fattname%3d233_11_85D62615-E6A5-4D16-89B5-604253F652F6.jpeg&activity=28164052', 292, 5, '26~30');
INSERT INTO `login_userinfo` VALUES (678, '李隽', '13820170135', '330380', '滨海汉沽分局', '郑虎生', '滨海汉沽分局巡特警支队民警', '巡特警支队', '腹肌线条清晰可见', '〖练出完美腹肌〗', '13820170135', '只能看到马甲线，皮脂较厚', '体能水平', '男', '压力即是动力，只要开始了，成功还远么？', '作为一名警察，尤其是特警，必须时刻保持良好的体能状态，给自己一些压力，才有进步的动力，没有最好，只有更好！', 'https://www.wjx.cn/wjx/viewfile.aspx?path=http%3a%2f%2fpubuserqiniu.paperol.cn%2f28164052_244_q11_yypMgGwRiEen4ei2iQOREA.jpg%3fattname%3d244_11_E28E1452-7761-4435-849C-218BE36B0DB9.jpeg&activity=28164052', 293, 6, '31~40');
INSERT INTO `login_userinfo` VALUES (679, '韩子然', '18722112258', '330010', '滨海汉沽分局', '李苑', '政治处副主任', '政治处', '每天读纸质书30分钟', '〖每天阅读纸质书籍30分钟〗', '18722112258', '只有周末读纸质书', '学业进修', '男', '(空)', '想多接触纸质书', 'https://www.wjx.cn/wjx/viewfile.aspx?path=http%3a%2f%2fpubuserqiniu.paperol.cn%2f28164052_268_q11_TIoC4LddUSfUQZvZNs0g.jpg%3fattname%3d269_11_image.jpg&activity=28164052', 294, 7, '26~30');
INSERT INTO `login_userinfo` VALUES (680, '', '', NULL, NULL, NULL, NULL, NULL, NULL, NULL, NULL, NULL, NULL, '', NULL, NULL, NULL, 0, 0, NULL);
INSERT INTO `login_userinfo` VALUES (681, '厉泓序', '15902278681', '340016', '滨海大港分局', '王健', '海滨派出所团支书', '海滨派出所', '体重减至55kg，练出马甲线', '〖减重4kg并练出马甲线〗', '15902278681', '体重59kg，腹部“大团结”', '体能水平', '女', '年近而立，拒绝油腻', '通过健身打磨更好的自己', 'https://www.wjx.cn/wjx/viewfile.aspx?path=http%3a%2f%2fpubuserqiniu.paperol.cn%2f28164052_383_q11_e0ZiM1YqkS4HZ11WV2Pxw.jpg%3fattname%3d383_11_DEC03175-ED8F-4E6A-9F82-6F2F8E54F7C4.jpeg&activity=28164052', 295, 1, '26~30');
INSERT INTO `login_userinfo` VALUES (682, '李钟涛', '13512998870', '340715', '滨海大港分局', '吕家良', '民警', '太平派出所', '5km', '〖5km〗', '13512998870', '3km', '体能水平', '男', '(空)', '锻炼身体', 'https://www.wjx.cn/wjx/viewfile.aspx?path=http%3a%2f%2fpubuserqiniu.paperol.cn%2f28397784_1_q11_dTlpl8clxky1808g0aAQAw.jpg%3fattname%3d1_11_image.jpg&activity=28397784', 296, 2, '26~30');
INSERT INTO `login_userinfo` VALUES (683, '赵宝旭', '15620680135', '340768', '滨海大港分局', '王凤振', '副队长', '刑侦支队图侦大队', '170', '〖健身，每日跑步〗', '15620680135', '202', '体能水平', '男', '远离肥胖，远离工伤', '减肥', 'https://www.wjx.cn/wjx/viewfile.aspx?path=http%3a%2f%2fpubuserqiniu.paperol.cn%2f28397784_1_q11_kKLht7xDZUqnmcSMJdeZzw.jpg%3fattname%3d2_11_938F3A9E-231C-462E-8EA3-22F77C53FF46.jpeg&activity=28397784', 297, 3, '26~30');
INSERT INTO `login_userinfo` VALUES (684, '王凤振', '13516100991', '340589', '滨海大港分局', '张强', '民警', '警训队', '83KG', '〖健身〗', '13516100991', '90KG', '体能水平', '男', '拖着沉重的双腿，让自己轻盈点。', '缺少锻炼，体重偏胖。', 'https://www.wjx.cn/wjx/viewfile.aspx?path=http%3a%2f%2fpubuserqiniu.paperol.cn%2f28397784_38_q11_3qhwEvouv0ah0B4zFhIemA.jpg%3fattname%3d41_11_IMG_20180907_090200.jpg&activity=28397784', 298, 4, '31~40');
INSERT INTO `login_userinfo` VALUES (685, '', '', NULL, NULL, NULL, NULL, NULL, NULL, NULL, NULL, NULL, NULL, '', NULL, NULL, NULL, 0, 0, NULL);
INSERT INTO `login_userinfo` VALUES (686, '王一', '15122750320', '360175', '滨海保税分局', '李鸿宁', '民警', '中心大道派出所', '减重20斤', '〖减肥〗', '15122750320', '体重超重', '健康生活', '男', '(空)', '减肥', 'https://www.wjx.cn/wjx/viewfile.aspx?path=http%3a%2f%2fpubuserqiniu.paperol.cn%2f28397784_23_q11_rL8MEOq4VkODNeoRNQgCeQ.jpg%3fattname%3d26_11_B617AFFB-3B06-4C41-8F84-194013A1BC4F.jpeg&activity=28397784', 299, 1, '26~30');
INSERT INTO `login_userinfo` VALUES (687, '武传福', '15822816265', '无', '滨海保税分局', '么剑宇', '民警', '航空路派出所', '扩展自己的知识储备', '〖每天读书一小时〗', '15822816265', '一般', '学业进修', '男', '(空)', '自身工作繁忙，没有时间给头脑充电。', 'https://www.wjx.cn/wjx/viewfile.aspx?path=http%3a%2f%2fpubuserqiniu.paperol.cn%2f28397784_65_q11_DtDwUSeivUWVNlr2SbSnHw.jpg%3fattname%3d65_11_9A4EABA0-7FFA-4587-989F-D30516EC4ABB.jpeg&activity=28397784', 300, 2, '31~40');
INSERT INTO `login_userinfo` VALUES (688, '', '', NULL, NULL, NULL, NULL, NULL, NULL, NULL, NULL, NULL, NULL, '', NULL, NULL, NULL, 0, 0, NULL);
INSERT INTO `login_userinfo` VALUES (689, '唐学智', '13752452841', '公现役字第1198185号', '边 防 局', '孟健', '干事', '训练基地办公室', '每天跑步3km', '〖每日跑步3公里〗', '13752452841', '一般', '体能水平', '男', '(空)', '锻炼身体', 'https://www.wjx.cn/wjx/viewfile.aspx?path=http%3a%2f%2fpubuserqiniu.paperol.cn%2f28397784_6_q11_GoI3XBhQpEbptbzU8z4Q.jpg%3fattname%3d7_11_image.jpeg&activity=28397784', 301, 1, '26~30');
INSERT INTO `login_userinfo` VALUES (690, '骆鑫', '17708928621', '0858765', '边 防 局', '王孟轩', '警长', '天津边防总队马棚口边防派出所', '每天保持一个半小时的有效阅读时间', '〖提高阅读能力〗', '17708928621', '阅读时间不稳定，一般每天有效阅读时间在30分钟左右', '其他方面', '男', '活到老，学到老', '为了更好的适应今后岗位需要，不断丰富自身知识存储量，用知识提升自身能力', 'https://www.wjx.cn/wjx/viewfile.aspx?path=http%3a%2f%2fpubuserqiniu.paperol.cn%2f28397784_13_q11_181xQGOf0iMNL3EqbM2oA.jpg%3fattname%3d19_11_F5FA40D3-D7DE-485E-BF02-B537C65FD4BC.jpeg&activity=28397784', 302, 2, '26~30');
INSERT INTO `login_userinfo` VALUES (691, '', '', NULL, NULL, NULL, NULL, NULL, NULL, NULL, NULL, NULL, NULL, '', NULL, NULL, NULL, 0, 0, NULL);
INSERT INTO `login_userinfo` VALUES (692, '李宏光', '13043231888', '420031', '宝坻分局', '周立辉', '宝坻分局政治处副主任', '政治处', '增肌增重', '〖每天健身一小时〗', '13043231888', '体质偏瘦', '体能水平', '男', '读书和运动是世界上唯一付出就有收获的事情。', '提升自身素质和个人形象 发挥警营正能量', 'https://www.wjx.cn/wjx/viewfile.aspx?path=http%3a%2f%2fpubuserqiniu.paperol.cn%2f28164052_378_q11_gnZdieBsZE2S2XQgyZspxg.jpg%3fattname%3d382_11_2AE6F18D-D19D-4F0A-A7D4-25DE0BDA8A59.jpeg&activity=28164052', 303, 1, '18~25');
INSERT INTO `login_userinfo` VALUES (693, '张宇', '15222866978', '420987', '宝坻分局', '张春光', '民警', '公安宝坻分局巡警支队一大队', '5000步以上', '〖每天步数5000〗', '15222866978', '2000步', '体能水平', '男', '我运动，我快乐', '身体素质弱，没时间运动。', 'https://www.wjx.cn/wjx/viewfile.aspx?path=http%3a%2f%2fpubuserqiniu.paperol.cn%2f28164052_389_q11_CdIZaxxBg0UceWfgpHCfg.jpg%3fattname%3d389_11_2975C5A5-8BD4-453E-A7B4-3C5FDB6DDF86.jpeg&activity=28164052', 304, 2, '31~40');
INSERT INTO `login_userinfo` VALUES (694, '徐赛', '15222000197', '420153', '宝坻分局', '艾庆青', '宝坻分局交警支队一大队大队长', '交警支队一大队', '宝坻交警微信公众号粉丝7万', '〖扩大宝坻交警微信公众号影响力，提高宝坻交警宣传水平〗', '15222000197', '宝坻交警微信公众号粉丝5万', '业务能力', '女', '在奔腾的青春里，与我的梦想一起成长', '进一步加强交通安全宣传，提高业务能力', 'https://www.wjx.cn/wjx/viewfile.aspx?path=http%3a%2f%2fpubuserqiniu.paperol.cn%2f28164052_396_q11_ZEdpRKqREGOpmCiuhdkGw.jpg%3fattname%3d396_11_image.jpeg&activity=28164052', 305, 3, '26~30');
INSERT INTO `login_userinfo` VALUES (695, '', '', NULL, NULL, NULL, NULL, NULL, NULL, NULL, NULL, NULL, NULL, '', NULL, NULL, NULL, 0, 0, NULL);
COMMIT;

SET FOREIGN_KEY_CHECKS = 1;
